serial,uuid
A1-1A,8eb94a96-886f-6655-b7fd-799d1cd1f216
A1-1B,60b94a96-89c5-145a-66bd-46277a142cd1
A1-1C,b4b94a96-8b3e-f0af-51d6-f850cbbd734b
A1-1D,60b94a96-8c85-b406-f594-72b5de3e99ef
A1-1E,f6b94a96-8dab-63b7-a8a7-f968dc74a016
A1-1G,9ab94a96-8ec6-07e1-5c5d-9e8af8c32c91
A1-1H,76b94a96-8fff-d27f-7653-bcf57497cb26
A1-1J,1cb94a96-913b-43a1-665f-1c76fe1a4c71
A1-1K,7ccbb20f-d1c7-0fec-78f6-7b0ef56272a9
A1-1L,bacbb20f-d228-f0a4-738c-56ea51c2ea4f
A1-2A,2ab94a96-88b6-8707-3a58-bd1bff9f81e8
A1-2B,0eb94a96-8a29-a825-d9eb-52414d2c70d0
A1-2C,eab94a96-8b8b-5b44-5e30-a0df4b512b29
A1-2D,0cb94a96-8cd5-9f57-b7ab-bf795ed90784
A1-2E,e2b94a96-8dee-737e-0440-c995a928fe57
A1-2G,6ab94a96-8f0d-ff79-dc16-cf6376d899f2
A1-2H,82b94a96-903e-ba0b-6a9e-f2b257ca32f6
A1-2J,32b94a96-917f-f452-c3b5-845ff9e9b3ba
A1-2K,62cbb20f-d286-ece0-7232-58fbbb7217ed
A1-2L,cccbb20f-d2d2-1c89-1427-3f63fa06ed64
A1-3A,feb94a96-88ff-8380-80c6-294ede0e7051
A1-3B,c2b94a96-8a7c-931e-d633-f5e826fe2434
A1-3C,3eb94a96-8bd8-f993-b362-af00f4da5bf7
A1-3D,f4b94a96-8d1d-b523-ea16-6055f2d1c9eb
A1-3E,bab94a96-8e34-e27c-f632-984d2132e172
A1-3G,2eb94a96-8f6c-b4b1-60be-5bbd9658c941
A1-3H,e6b94a96-908f-abb2-d5df-94b2ff0ec21c
A1-3J,c6b94a96-91de-e881-13af-a1e01833918a
A1-4A,c8b94a96-895d-fd85-6850-8a831895a997
A1-4B,c0b94a96-8aef-a286-ad9b-aea4120ffff7
A1-4C,e6b94a96-8c20-bffc-20f8-2d76ad3d2d68
A1-4D,b6b94a96-8d61-040a-3a79-3203bd03e9d8
A1-4E,20b94a96-8e7f-c089-c3dc-0dab57457d7c
A1-4G,00b94a96-8fbc-a5d2-12dd-6963c4320ebe
A1-4H,3ab94a96-90d8-8137-ab51-c94e25883ea1
A1-4J,90b94a96-9220-9000-952f-aa0113509aa9
A2-1A,60b94a96-9ae7-32f2-0048-f5fa513a3fa1
A2-1B,aab94a96-99a1-0ea3-d80c-8e484fab6f24
A2-1C,f8b94a96-986c-a549-092a-38a6bf0aef37
A2-1D,3eb94a96-9707-990c-753a-97fae84b2389
A2-1E,dab94a96-95e9-c624-01d2-cdf2bb951b16
A2-1G,acb94a96-94b4-e1e5-fedb-c6483fc5e299
A2-1H,ecb94a96-9396-cc65-ceab-0fa7fe5ffbf2
A2-1J,eeb94a96-9269-eed3-bc5e-b213f3d5c6e9
A2-1K,40cbb20f-d2dd-79d3-88ad-b3febea4ac1d
A2-1L,e6cbb20f-d1c9-1cea-efc8-ade5cca6437b
A2-2A,eeb94a96-9b31-d047-9cc4-ef6b1631db9b
A2-2B,60b94a96-99e8-09a0-830c-3096b734bca9
A2-2C,16b94a96-98b4-06ef-973b-8faa9441b152
A2-2D,22b94a96-9754-cc32-0d5e-66eb47bb339a
A2-2E,fcb94a96-9631-0969-328b-cf5b06881c5f
A2-2G,3ab94a96-950c-3884-29ca-d280801bcf8c
A2-2H,48b94a96-93df-2062-d494-0d4b44d1e071
A2-2J,44b94a96-92ab-66f5-d5dd-99d32b7710e0
A2-2K,16cbb20f-d230-6753-9401-bb471d9272cb
A2-2L,3ecbb20f-d281-78fc-5064-1029215b730a
A2-3A,e6b94a96-9b76-da47-9bde-2bd570551c0f
A2-3B,d0b94a96-9a4e-4daa-0514-57b943e284ee
A2-3C,90b94a96-9904-7dc0-b2dc-ed71c0459847
A2-3D,e8b94a96-97b4-10cc-5c4d-d415fdc97797
A2-3E,a6b94a96-9679-10e1-da1b-911b46aef82e
A2-3G,ceb94a96-954e-ef3f-c40f-fa0b001df6fe
A2-3H,b8b94a96-942a-67a2-9fea-69dcaf72cfd1
A2-3J,d6b94a96-92fc-bcd4-8627-4d6735ed1712
A2-4A,e2b94a96-9bc0-b199-43ae-d1d7a1a97b7a
A2-4B,a0b94a96-9a9a-b05c-7c62-b9b309dea683
A2-4C,fcb94a96-9956-559e-3c26-e73f5b030cd1
A2-4D,e4b94a96-9804-d790-9afe-62335d8523df
A2-4E,04b94a96-96c6-68d3-17d2-8d70670dc059
A2-4G,60b94a96-95a5-80c5-a92b-ccb764eecd99
A2-4H,46b94a96-9469-ddf1-9e00-816d4cac40cb
A2-4J,06b94a96-9352-8618-cc95-d2bbc14919e8
A3-1A,0eb94a96-9c09-03c4-55b1-a7cb76a809cc
A3-1B,2ab94a96-9d33-298b-73b9-a61d22bfaf0f
A3-1C,50b94a96-9e44-03d7-5fb5-e891e8e822c5
A3-1D,ceb94a96-9f7c-7548-3fe6-f230cb925650
A3-1E,94b94a96-a0a9-229e-a736-0f6364d68ee3
A3-1G,bcb94a96-a1cb-d62b-c099-3adc65c40322
A3-1H,88b94a96-a2f9-27e9-5124-936987b9b34c
A3-1J,60b94a96-a474-e536-026e-fd54413d4cc3
A3-1K,92cbb20f-d28f-8f3a-a70c-2ac3db84d948
A3-1L,94cbb20f-d2e7-fd60-e55e-420da9677003
A3-2A,d6b94a96-9c57-b14c-10ff-4f0fd3ba6c13
A3-2B,58b94a96-9d73-ae47-5a9b-8fbdee1c5ae2
A3-2C,0ab94a96-9e8c-bf78-eb8d-d5f0952e05ba
A3-2D,8eb94a96-9fc3-299c-f72a-b53bc1e59d62
A3-2E,14b94a96-a0ed-001b-60a2-e9236e80d5b2
A3-2G,a0b94a96-a214-b874-ec6f-d782d256299b
A3-2H,82b94a96-a350-6869-ea29-a10b1233e08e
A3-2J,32b94a96-a4bc-678b-91f3-7b6e15bfd7ed
A3-2K,cccbb20f-d1d2-1c1c-8151-59a248224b27
A3-2L,f6cbb20f-d22c-bd5f-c26c-f3ad8ca36e0f
A3-3A,34b94a96-9ca4-530c-248e-34f8422716ed
A3-3B,3cb94a96-9db5-6bfd-3af6-a8590c2873cb
A3-3C,7cb94a96-9ed0-2e32-98f8-8da4f5a6130d
A3-3D,72b94a96-a01f-50af-7c39-1a53a787e442
A3-3E,60b94a96-a134-1ea1-0c81-aec9500f6bca
A3-3G,b0b94a96-a25b-5ad1-8903-32a577ded770
A3-3H,3cb94a96-a3ae-057b-a630-74d5d5b4da00
A3-3J,aab94a96-a503-ad02-7750-8fbba3a49393
A3-4A,c2b94a96-9ce9-4c89-78c8-8e5aa0c6e97c
A3-4B,f6b94a96-9dfc-7070-db34-dd6c7c171dc5
A3-4C,30b94a96-9f32-4094-81ab-d7f2910b891d
A3-4D,20b94a96-a063-0745-81f4-1c58c3b95c3f
A3-4E,2cb94a96-a177-03cb-6302-9b56c2218eba
A3-4G,f6b94a96-a2a8-e16a-0c7d-9d6bec8dcdb8
A3-4H,2eb94a96-a421-f778-65a7-01b3a2508dc6
A3-4J,9eb94a96-a54a-b18b-bb0a-7a9aa70af075
A4-1A,dab94a96-8ffc-2d2c-874a-789e5ef4decc
A4-1B,62b94a96-8ec5-c5d3-dd37-60ba71877bc3
A4-1C,84b94a96-8d76-087c-f301-8822cce0ec49
A4-1D,d6b94a96-8c3b-e7a6-4d04-2286046470a7
A4-1E,54b94a96-8afd-7e06-c0bf-47120281efbe
A4-1G,9eb94a96-89cc-36c7-71c1-f7c353de1dec
A4-1H,3ab94a96-886c-3c8b-1a27-cb3813d504b6
A4-1J,4eb94a96-a5be-57ee-7ef2-d402e97db42b
A4-1K,02cbb20f-d22d-3f36-aaff-db9f6b043b43
A4-1L,10cbb20f-d281-1ebb-1a5b-33fc8d0fdbe1
A4-2A,acb94a96-9049-3f65-7543-59e2ce3fa44e
A4-2B,0eb94a96-8f10-86e5-7fda-b1bc9c48ea74
A4-2C,20b94a96-8dcc-a28c-2638-f4b3dec01db8
A4-2D,6cb94a96-8c89-dc67-7da2-fae1007868fd
A4-2E,ecb94a96-8b45-4a8a-99f3-b5de1c39239f
A4-2G,08b94a96-8a15-a13d-e26b-1770ac01fb13
A4-2H,40b94a96-88c1-8b3c-cfd8-bf236b3cf0d1
A4-2J,e4b94a96-a60c-a82c-9db0-7db714f57b90
A4-2K,2ecbb20f-d2de-acb4-7966-7a75c4f6234d
A4-2L,80cbb20f-d1cb-27e3-7c03-ac0c32aa9b23
A4-3A,6eb94a96-90a1-ab44-38ad-e82dcc3ab280
A4-3B,6cb94a96-8f59-cd2f-aa67-abe4c96b3f14
A4-3C,42b94a96-8e17-45fd-8615-ecf57fac213e
A4-3D,74b94a96-8cdb-faed-706e-9cb7575437fd
A4-3E,34b94a96-8b92-bf88-352c-539298edc0ce
A4-3G,9cb94a96-8a5d-2178-2930-55524fd068d1
A4-3H,b8b94a96-8916-b127-7901-d1e8cdd8b779
A4-3J,bab94a96-a65b-4d30-855a-a5389ae1e6c2
A4-4A,68b94a96-90ed-e62b-5391-049cebfa2471
A4-4B,10b94a96-8fa0-914a-0be5-05d5b21a37f8
A4-4C,86b94a96-8e69-1eac-2585-6a2c1c78ea0d
A4-4D,82b94a96-8d28-e3f3-e1b6-6d23f8108bde
A4-4E,8ab94a96-8be7-7531-f188-389aebce2ee9
A4-4G,28b94a96-8aa0-8286-eca6-356ecd65baa9
A4-4H,54b94a96-896e-0704-0032-f66837027293
A4-4J,6ab94a96-a6bf-571d-3fb9-0230e21c6981
A5-1A,4eb94a96-917b-e1c5-c43d-127698be8075
A5-1B,46b94a96-9296-e803-6ef1-fd00de8d117c
A5-1C,40b94a96-93b9-51b3-6dac-da29f4730fce
A5-1D,62b94a96-94e8-4d13-5685-5057ad24a76d
A5-1E,04b94a96-9603-3a42-4f34-d576a705f3d2
A5-1G,82b94a96-9779-eb9d-b95b-3502e7a13e2d
A5-1H,fab94a96-9889-93a2-b958-dec377302b03
A5-1J,34b94a96-99a3-3859-33db-d82f2519862e
A5-1K,96cbb20f-d1d4-059b-f6e0-c78c77966ba6
A5-1L,f8cbb20f-d22c-ad11-b665-4cccb10c24da
A5-2A,36b94a96-91c5-0d56-462e-2885ab1d4855
A5-2B,6eb94a96-92d9-697f-2c1c-76ba583acec5
A5-2C,8eb94a96-9400-d5d6-52d9-f9b342a9dbe5
A5-2D,e0b94a96-952c-6899-cd37-25bdee6ca8f2
A5-2E,b4b94a96-9679-f67a-77a4-ab93a71bfd00
A5-2G,ceb94a96-97bc-223d-e4a0-eaef3b5cb248
A5-2H,4eb94a96-98cb-1da2-8d07-3222814f59db
A5-2J,18b94a96-99f2-9563-5cdf-300f06c14f11
A5-2K,0ecbb20f-d286-b54b-3a63-2bedd190ba2f
A5-2L,cacbb20f-d2e3-8587-3849-89ad2de9a4f0
A5-3A,d8b94a96-9205-35c6-6e14-03e8804a0738
A5-3B,40b94a96-931b-a2da-3b1f-b3ab8d1dce9f
A5-3C,30b94a96-944d-30ff-bd14-e996b23bd5ae
A5-3D,92b94a96-956f-0ab8-e042-e1448425f06a
A5-3E,c8b94a96-96c8-23ce-30ef-b594a3ec51f6
A5-3G,a0b94a96-9804-0460-b2ba-7022233ad938
A5-3H,f6b94a96-9919-d45d-ee3e-6fd737b5508a
A5-3J,a4b94a96-9a35-5358-87e3-6a8dce1bc34c
A5-4A,78b94a96-924f-3a9b-f4d5-46b654a002b3
A5-4B,7cb94a96-935e-a627-d9c5-0b0850337d35
A5-4C,32b94a96-948e-98cb-2859-21dad9a3da3e
A5-4D,02b94a96-95b3-0670-ab2f-53d78162c919
A5-4E,54b94a96-9730-6ef1-a1af-a6106caf7ee4
A5-4G,dab94a96-9847-9e6f-4cda-8e0d8b94fd28
A5-4H,5ab94a96-995d-c76b-98ed-1725e283f3e7
A5-4J,84b94a96-9a78-0547-2ef2-b6c4736ceb8e
A6-1A,a6b94a96-a2ba-36b1-ac7e-34a7d66bb80a
A6-1B,44b94a96-a1a4-ef8c-63a1-389196e7b3ba
A6-1C,2eb94a96-a07e-be14-212f-b5f9f0ea009f
A6-1D,20b94a96-9f51-24df-e0d7-a45d0449f6a1
A6-1E,2ab94a96-9e33-e0d3-fc5b-2f08e47b2a68
A6-1G,60b94a96-9d23-9259-1c6f-1bc70b3b9bcc
A6-1H,a0b94a96-9bd3-54d3-e867-19494d15aecf
A6-1J,fab94a96-9abe-2845-c903-522ec3520305
A6-1K,f0cbb20f-d379-1d7a-cfeb-25c1d3e0ff19
A6-1L,34cbb20f-d3d4-653e-9fc6-6ed22da9bca9
A6-2A,bcb94a96-a308-08b9-9c18-c551b4c9457b
A6-2B,1ab94a96-a1e5-a787-9259-922907f04b13
A6-2C,beb94a96-a0c4-fb3a-06dd-42b68d04dbdb
A6-2D,50b94a96-9f9a-6a91-34ed-1176b8f4f011
A6-2E,6cb94a96-9e83-fe62-25b9-f6f4d406a7f0
A6-2G,1eb94a96-9d6b-875a-bb50-0157de16df54
A6-2H,22b94a96-9c20-fb29-5fdb-a1f4a0a0ce2c
A6-2J,3cb94a96-9b04-706d-f529-d964b7e8fd23
A6-2K,eccbb20f-d43c-9da3-a67e-48c839e3e3c5
A6-2L,18cbb20f-d49f-36ea-a104-532d2fbf4774
A6-3A,66b94a96-a34a-120e-922e-3edcb9765cf6
A6-3B,e8b94a96-a22d-35b2-e3f5-09c44d2fc810
A6-3C,94b94a96-a103-b8f8-9fbd-ba90454d54d1
A6-3D,d2b94a96-9fdd-ab36-9d66-a79ba5e297d2
A6-3E,48b94a96-9ec6-469c-0c47-0df628bc5c08
A6-3G,18b94a96-9dae-d704-eab2-dd3fb09aeb0b
A6-3H,82b94a96-9c74-9e6c-a56e-f0391483b1bd
A6-3J,84b94a96-9b46-4930-5992-b61f5b363d27
A6-4A,bab94a96-a38f-5405-fa85-5e935ab81b96
A6-4B,36b94a96-a275-d10f-088c-c713365f8256
A6-4C,a8b94a96-a14e-acc1-3148-66375376823a
A6-4D,08b94a96-a032-292c-6a23-950ebc44cfaf
A6-4E,4cb94a96-9f08-ed43-525a-1ed72fe9cdab
A6-4G,12b94a96-9df0-77c7-e0f0-705e1691b4e5
A6-4H,4eb94a96-9cb7-ca05-c9a5-9e7bfa4c5fd1
A6-4J,20b94a96-9b8d-0935-b2e3-d7f96b903be7
A7-1B,dab94a96-a4ec-b15c-962c-623d5582ae7c
A7-1C,48b94a96-886c-06a0-5be1-dc6eb7669ede
A7-1D,92b94a96-89ab-f5dd-1468-a70d19db165e
A7-1E,f2b94a96-8b0a-c622-41ef-95b5f5ef5f8a
A7-1G,62b94a96-8c33-d62a-d6e7-6b0ffa322276
A7-1H,f2b94a96-8d4d-8bde-d9b5-c4350f505558
A7-1J,2cb94a96-8e67-46d3-652f-6980dfcc3bd5
A7-1K,f0cbb20f-d477-a018-0084-535dd4c04058
A7-1L,04cbb20f-d37d-8a58-f60e-629201198c0c
A7-2B,64b94a96-a536-df44-1daa-92b7260b5bab
A7-2C,c0b94a96-88bd-4680-9520-ead142620c14
A7-2D,beb94a96-8a02-3bb8-eca5-70e275a15ae5
A7-2E,16b94a96-8b5f-e23f-ad1b-683fde96b63c
A7-2G,a8b94a96-8c78-8c98-9a03-6ca21ec9ac7e
A7-2H,e4b94a96-8d93-bbad-87ff-f637c30c3271
A7-2J,98b94a96-8ea9-901f-d00f-5362a4771997
A7-2K,14cbb20f-d3d2-af09-93a7-c950027e7cd7
A7-2L,d4cbb20f-d428-733d-99d0-a72019dc703c
A7-3A,acb94a96-a457-961f-1770-cb5e8a5615c8
A7-3B,6eb94a96-a57b-48e4-5cba-801dfed06109
A7-3C,c8b94a96-8906-abe4-885b-21f4aa34a21d
A7-3D,90b94a96-8a64-4d4c-c4d5-4377b6d722c8
A7-3G,7cb94a96-8cbd-59de-e008-a8da76bc5cd0
A7-3H,1ab94a96-8dd9-8c5b-78e8-e82f5e8ebca0
A7-3J,a0b94a96-8f01-e3fa-e161-7408692c3680
A7-4A,04b94a96-a49b-b0cd-7301-fd4aae3cf5fb
A7-4B,fab94a96-a5bc-723a-5629-3358a94a0cc0
A7-4C,30b94a96-895e-0422-97d8-7d52f947503a
A7-4D,8ab94a96-8ac1-d4b5-18fb-ad29f7f968fd
A7-4G,0eb94a96-8d07-dc68-7094-72ba04cc6e97
A7-4H,34b94a96-8e1e-c394-e7eb-0f540c5f1a35
A7-4J,7ab94a96-8f48-9bb5-e5c4-9e630957d098
A8-1A,0ab94a96-97c1-18f9-b64d-5d8295dbc3e5
A8-1B,68b94a96-967d-05fb-fb8e-c5776c45f8d1
A8-1C,a8b94a96-9551-a451-92d9-157eebed348a
A8-1D,38b94a96-9431-897d-d72f-128e6899bba8
A8-1E,74b94a96-9321-fbed-a81b-37d0c469b55a
A8-1G,fab94a96-9213-b322-6656-90c357a89ba5
A8-1H,5eb94a96-90e3-e9ef-665a-59ce916c8efe
A8-1J,36b94a96-8f93-e569-3339-fe9842ea7048
A8-1K,30cbb20f-d456-d37e-0af9-3bde3fa55f8e
A8-1L,14cbb20f-d4a0-0c54-7a48-d2cf70ac4834
A8-2A,b6b94a96-980e-30a7-5b64-9c6ffa7a3b0a
A8-2B,0cb94a96-96ce-02a5-27b0-2258c99cbba7
A8-2C,eab94a96-9597-cd19-614e-cc0c161bcfd9
A8-2D,6ab94a96-9483-156f-60bf-4e6c7938eede
A8-2E,ceb94a96-9365-994b-2c29-abaecbb5b400
A8-2G,f8b94a96-9255-07ff-e746-60cfaaa13383
A8-2H,f2b94a96-912a-2c87-5856-86011daee3d0
A8-2J,3cb94a96-8fda-8de9-2fac-1880e44274a1
A8-2K,decbb20f-d3a4-91c2-60e3-e562fafb9d4d
A8-2L,20cbb20f-d3f3-2499-80bf-cdc78be64956
A8-3A,8eb94a96-9851-61f2-6bb8-d1fc1e5aef24
A8-3B,b0b94a96-9714-5dca-d552-f46e799eb917
A8-3C,c0b94a96-95e3-d542-015f-ce07f3ae0a36
A8-3D,a2b94a96-94c6-ae67-5b1d-3eb3239431df
A8-3E,c0b94a96-93a7-351b-1a5c-5bc244dea77d
A8-3G,3eb94a96-929c-441c-935f-33e93ee3e285
A8-3H,d8b94a96-9175-ebf7-4be7-f8f827c44528
A8-3J,d0b94a96-902f-7ced-f6ae-03b7f9567ef4
A8-4A,8ab94a96-9897-de41-1e38-1a20528efb23
A8-4B,08b94a96-9775-d9c8-b6f0-8ef2e8bbc6df
A8-4C,80b94a96-962a-4732-6878-995047521ef9
A8-4D,b6b94a96-9513-b87a-983f-10033616df98
A8-4E,34b94a96-93ed-617f-ffbc-7aad719fca4f
A8-4G,70b94a96-92df-7682-8e90-3f80d62be071
A8-4H,2ab94a96-91c8-7a1c-4bc5-7c27d7a08cea
A8-4J,74b94a96-9090-a303-c9b7-2ae01f47c63c
A9-1A,46b94a96-98db-16b3-2637-87c893e03fbe
A9-1B,90b94a96-99f3-9e60-add9-e1b95fbc5663
A9-1C,eeb94a96-9b18-9709-2e43-84487c201d44
A9-1D,28b94a96-9c2e-43f5-61ce-625ab7f1f12f
A9-1E,7eb94a96-9d56-a636-bcc5-ca50c9e3f951
A9-1G,22b94a96-9e91-8d09-fccd-bfb6ea70369b
A9-1H,feb94a96-9fac-0eac-9304-b4cc215a82e8
A9-1J,7eb94a96-a0c5-10c8-7aa9-69aecf3a6625
A9-1K,8acbb20f-d404-fc0d-1576-b110b9618eac
A9-1L,a4cbb20f-d450-0877-dab4-f5b9f4e78e6e
A9-2A,6cb94a96-9925-551c-a40f-c14f88e14c34
A9-2B,2ab94a96-9a37-adc7-5d15-7a543340424c
A9-2C,26b94a96-9b62-8c59-347b-1ef4d3aeb7b5
A9-2D,aab94a96-9c83-9764-3d8f-02da5c80bf45
A9-2E,aeb94a96-9dab-543d-b5e8-ffcc3c5fa83c
A9-2G,f8b94a96-9edc-ca30-7e58-80f85c4feb30
A9-2H,dcb94a96-9ffa-f261-35b2-57620964b953
A9-2J,72b94a96-a128-d75b-b151-e3854582699f
A9-2K,b8cbb20f-d49f-3e01-c019-f846f2f8280f
A9-2L,00cbb20f-d3ba-3642-43b2-f8dcc990d452
A9-3A,98b94a96-996a-90c3-e3e0-e56ad892210c
A9-3B,6ab94a96-9a7e-d9e4-759b-e4467f9841fd
A9-3C,7eb94a96-9ba7-d28f-c24d-8355e06db631
A9-3D,4cb94a96-9cc8-e6b0-1149-ea306798f8d1
A9-3E,0cb94a96-9dee-41c3-6adb-61b869ded5ab
A9-3G,e4b94a96-9f1c-3df2-4196-714ef07d9b00
A9-3H,38b94a96-a041-48e9-c492-67ff26c6745c
A9-3J,a8b94a96-a170-06b5-6b9e-0aafae9c2cfa
A9-4A,9eb94a96-99ad-b4f4-5ae9-f81e91c2d2c7
A9-4B,9ab94a96-9ac3-440f-d12f-8a4e578bf5f4
A9-4C,fcb94a96-9beb-5703-911c-4443321990a8
A9-4D,52b94a96-9d0f-f15d-9100-73d583b7da7d
A9-4E,a0b94a96-9e38-f850-10fc-84ecdec13f3c
A9-4G,44b94a96-9f67-f10d-825c-dc40bdb93823
A9-4H,14b94a96-a084-000b-a56c-79e5fc245866
A9-4J,cab94a96-a1cd-c77b-49b0-b8bde7c373b3
A10-1A,52b94a96-8d59-dfad-c68b-38a56ec5acf8
A10-1B,3eb94a96-8c23-338d-7029-11024f00e597
A10-1C,b2b94a96-8ae7-96e0-3149-d0e61db81c05
A10-1D,92b94a96-89ae-ecfa-b6e5-8e2ac8a7b4e0
A10-1E,74b94a96-886d-173d-b6d5-1543f350dbb7
A10-1G,bcb94a96-a472-65d5-0c1a-30d04cb05063
A10-1H,80b94a96-a348-5fe2-309b-b73558bb56f8
A10-1J,18b94a96-a211-61f9-ac0b-5b466cae82c8
A10-1K,cecbb20f-d4ef-743f-0c06-45cbc29dcac8
A10-1L,58cbb20f-d555-d158-31da-4fab27cd57a0
A10-2A,98b94a96-8da3-3959-1afe-4b65448b4505
A10-2B,a2b94a96-8c6f-c0af-cb26-0c4aa1c98e9c
A10-2C,c4b94a96-8b2d-3e50-25b8-2a9c44e3c58c
A10-2D,18b94a96-8a07-557d-07c8-1fe4bd16e15d
A10-2E,eab94a96-88be-a740-34a2-daca51f11079
A10-2G,ceb94a96-a4c2-c5ef-61a8-7a4b5e27598e
A10-2H,7eb94a96-a38e-1c5e-61d1-f4ec3dc0c57a
A10-2J,6cb94a96-a266-1b4f-0acc-5bda532f09ab
A10-2K,58cbb20f-d5ad-28a9-8211-babdab021730
A10-2L,72cbb20f-d601-1671-6a37-fa91f8b688a8
A10-3A,9ab94a96-8dec-d564-d7f5-4a1455f09097
A10-3B,a2b94a96-8cb8-1b61-b9b1-70ab4577c4d3
A10-3C,1ab94a96-8b7b-f926-7547-89f682ed5890
A10-3D,5eb94a96-8a56-a842-a57f-2eb00fdd4f65
A10-3E,beb94a96-890a-1cf6-06c8-adefc3536db6
A10-3G,acb94a96-a50f-5238-315e-7d91b3ea94b9
A10-3H,3ab94a96-a3d5-aedc-613c-133c3f0e8265
A10-3J,c2b94a96-a2a7-6454-c1c4-9db799a155e9
A10-4A,04b94a96-8e63-d395-dc9a-70c76f723a1c
A10-4B,2eb94a96-8d0c-2759-aae2-315265172727
A10-4C,58b94a96-8bc7-ca5b-9092-fbff0ee6ede5
A10-4D,b8b94a96-8aa0-ecc0-2e9b-754030b0f7c8
A10-4E,3ab94a96-895d-dfb9-2398-68bb37253776
A10-4G,76b94a96-a54f-905e-b511-6f8e2121ac02
A10-4H,acb94a96-a42a-97a6-acfd-961e579bfe8d
A10-4J,beb94a96-a306-51b8-f7c3-0d800b1a9a90
A11-1A,6eb94a96-8eac-6683-960b-d8a16173cf12
A11-1B,d2b94a96-8ff4-ff37-254d-9b42556fcd7b
A11-1C,7eb94a96-9122-a90b-1de3-e888be60b125
A11-1D,c8b94a96-9235-6b7a-5429-a27126caa754
A11-1E,6eb94a96-934d-5632-3c9e-39e5fa93c580
A11-1G,8eb94a96-9473-64e6-a764-493d91468a1b
A11-1H,1cb94a96-95b3-005c-ab35-dcbf483951cc
A11-1J,1ab94a96-96df-b29b-e1ba-588da0ed6b03
A11-1K,dccbb20f-d524-50b0-c8f2-9b5a99a333f8
A11-1L,02cbb20f-d570-25f5-c3af-7b32d663175c
A11-2A,cab94a96-8f0c-5d2a-f5d4-b2f7e58498e3
A11-2B,7cb94a96-903b-62d0-81ca-c859b0b45ab2
A11-2C,30b94a96-916a-56be-20dc-3c86573d05b6
A11-2D,7eb94a96-9277-ca31-454e-073772429564
A11-2E,70b94a96-9397-9888-8eb8-35991a466d6a
A11-2G,26b94a96-94c6-596a-ffdf-4d78e5a54e55
A11-2H,34b94a96-95fd-299d-ee21-bdaea7c343bd
A11-2J,aab94a96-9725-8d21-a595-880927ed7170
A11-2K,12cbb20f-d5d3-4679-9bde-75279b0062c6
A11-2L,64cbb20f-d620-5bbd-78ea-8d5230f0c1d8
A11-3A,36b94a96-8f5c-2ea2-cda6-9034f5e8927f
A11-3B,1eb94a96-9090-d923-22bb-26885a5b86bc
A11-3C,84b94a96-91b1-5905-876c-560fda226edf
A11-3D,9cb94a96-92c2-4c27-18dd-2c28277050e9
A11-3E,7cb94a96-93e6-7b1a-bbec-08d162153b45
A11-3G,a2b94a96-9522-7166-61b2-ecd2c12db4ab
A11-3H,22b94a96-963f-edfb-9ae9-825814c665f0
A11-3J,dab94a96-9769-ad3d-81a0-ec34467f23f6
A11-4A,eeb94a96-8fb1-aee3-61f6-be31765adc51
A11-4B,4ab94a96-90dd-9565-e76d-0f60de9661d8
A11-4C,7ab94a96-91f3-21e3-f1cc-c7cc890a72c8
A11-4D,36b94a96-9309-119b-3e99-2055f506384f
A11-4E,70b94a96-942f-2d91-c78d-adb96357af82
A11-4G,52b94a96-956c-cea9-7816-63c73ee6f108
A11-4H,f4b94a96-968e-2219-b691-92cab8934fb9
A11-4J,6cb94a96-97aa-ba06-65bc-93eebf641f7f
A12-1A,12b94a96-9fed-d51f-f593-2644a89553b3
A12-1B,bab94a96-9ec9-1607-ee78-73aee7691acb
A12-1C,94b94a96-9d7d-2fc4-cff7-21e9ada894b3
A12-1D,cab94a96-9c69-afe6-5189-28fc496d4311
A12-1E,cab94a96-9b46-66dc-e891-7c672ba6b4a0
A12-1G,a8b94a96-9a2d-85a9-f6a1-5bdc2cea1c54
A12-1H,deb94a96-98ff-3cc9-c706-e11730f6750f
A12-1J,6cb94a96-97ef-11bb-c07e-5c05cec30bc7
A12-1K,c4cbb20f-d62f-9537-bba7-87081a4ac765
A12-1L,36cbb20f-d54b-b808-08a0-e79d1ebda465
A12-2A,58b94a96-a03f-e2e1-50ad-36af8d12a2cb
A12-2B,d8b94a96-9f13-948e-4d86-43c19b587de4
A12-2C,bab94a96-9dbb-4dd9-f412-4ff869aace8f
A12-2D,38b94a96-9cad-b636-24bd-20787df36870
A12-2E,32b94a96-9b92-c1d6-3df7-55e254e77197
A12-2G,68b94a96-9a72-0128-90f5-543d344a2fbb
A12-2H,98b94a96-994c-154c-cc6d-7475c54b64ea
A12-2J,bcb94a96-9833-f55b-f5f2-22bbf7997ae1
A12-2K,5ecbb20f-d594-a13f-ece3-14d0a4c287f0
A12-2L,0ccbb20f-d5de-c4fa-0f5b-5e0f5f84edf0
A12-3A,c2b94a96-a085-82e1-02d6-06167a7c0cc8
A12-3B,c8b94a96-9f5c-82b4-bf62-193f399c0de0
A12-3C,36b94a96-9e25-b2a6-ceab-a95cbb78088d
A12-3D,10b94a96-9cec-4c34-09ba-9d0e2978149e
A12-3E,3cb94a96-9bd7-3f4a-b4f2-84146dfa175e
A12-3G,a2b94a96-9abd-4efa-c207-0498cb71a04f
A12-3H,d8b94a96-999a-00d9-8b0d-c5dfe355da0d
A12-3J,5eb94a96-9873-ca94-84a6-f72cc5eaad5d
A12-4A,8ab94a96-a0ce-6386-08ef-2c3da7af8d10
A12-4B,86b94a96-9fa5-e1f7-27f0-29aec97263d0
A12-4C,b4b94a96-9e73-1ef8-678b-8a6d77561414
A12-4D,56b94a96-9d31-5b76-fe6c-7bf379705ac5
A12-4E,68b94a96-9c1a-e03d-af58-8525bedf8369
A12-4G,1ab94a96-9b07-151c-d313-0c2cfab152d5
A12-4H,52b94a96-99e3-74d4-4cd6-42896247532d
A12-4J,c0b94a96-98b6-a075-c04b-664b0886b53f
A13-1A,a6b94a96-a11c-0ec4-cb7a-f8368b23c63e
A13-1B,9eb94a96-a231-04a2-eb06-ed22a797b704
A13-1C,7ab94a96-a36c-9822-70b9-519b809d9ac0
A13-1D,2cb94a96-a47a-9b39-5021-a7c5feb84dfc
A13-1E,d4b94a96-886c-e063-ad48-001954d5a0b5
A13-1G,64b94a96-89d8-8956-f5ba-3905e617c1ed
A13-1H,0cb94a96-8b1b-39e7-05bd-b3f5f42cf83a
A13-1J,c6b94a96-8c50-b6d8-60b0-f035b8e19380
A13-1K,0ecbb20f-d625-4aa4-dd46-4244170c8e9f
A13-1L,2ecbb20f-d672-a912-bbd0-a4b569b4d86d
A13-2A,d2b94a96-a16a-03d9-f07e-41d4105e4686
A13-2B,8eb94a96-a278-8959-1c90-85628a526972
A13-2C,d0b94a96-a3ae-3305-da22-242552967967
A13-2D,6cb94a96-a4c9-4a48-7d5a-d782de36f08c
A13-2E,e6b94a96-88cb-75f6-23b8-ad10965cc89b
A13-2G,38b94a96-8a21-10e7-5421-e30bf3c5c0d7
A13-2H,64b94a96-8b5e-f6b8-34cf-77e1ea1a208f
A13-2J,92b94a96-8ca1-dc3a-3bee-afbdf54322c4
A13-2K,decbb20f-d5a2-09b9-9efa-1fda8b2838f3
A13-2L,d2cbb20f-d5f4-582b-959c-ae19300085e0
A13-3A,3ab94a96-a1af-e3ff-2647-43441399b4ce
A13-3B,eab94a96-a2c7-4219-6fcc-a81ebdbc6349
A13-3C,88b94a96-a3f2-7147-ee9b-7cd04704aeb3
A13-3D,7ab94a96-a50e-e48c-f0b2-1de7f9e65899
A13-3E,c4b94a96-891e-f482-e4da-44460172abf8
A13-3G,9eb94a96-8a7b-5082-4c28-e630eb24bc7b
A13-3H,1ab94a96-8baf-3729-8a28-1d04fadc3258
A13-3J,d0b94a96-8cfc-6f19-d332-eb9cda24d640
A13-4A,2ab94a96-a1ef-a72d-a038-98b81149ccf1
A13-4B,0eb94a96-a313-225a-3626-17690c119118
A13-4C,42b94a96-a438-6e2b-80ba-8bff0b66e433
A13-4D,12b94a96-a554-3c2b-cd0a-89c13d71ba40
A13-4E,1cb94a96-896c-b0ed-adc5-0a3439bc9f89
A13-4G,f4b94a96-8ad5-8959-cfd0-a2283bb931bd
A13-4H,40b94a96-8bf8-f1bf-5468-1a0396371fcf
A13-4J,2cb94a96-8d47-4b17-1e57-96075897ed55
A14-1A,02b94a96-9609-9a6e-f3a9-a94e47393278
A14-1B,38b94a96-94e2-ba37-8f84-3ad8bab77f71
A14-1C,9ab94a96-93ba-4006-696a-35d060f4903e
A14-1D,2cb94a96-92a1-ba4b-3fb8-38a60903f84e
A14-1E,50b94a96-917f-22b3-8952-e70546cdee52
A14-1G,72b94a96-9037-1729-37c2-398e43c5bf77
A14-1H,86b94a96-8eb6-c237-f8d0-ce2422de7ec6
A14-1J,d4b94a96-8d8c-b280-588a-1b649210d140
A14-1K,94cbb20f-d615-a845-85fe-b12a98b3e5c2
A14-1L,d4cbb20f-d660-a0f5-d729-38f853886851
A14-2A,00b94a96-9655-a4e5-1637-4eb8edba8e82
A14-2B,4eb94a96-953f-9431-a7f8-1e5c68d72d0a
A14-2C,d0b94a96-940e-40de-5ee8-c18230ebd2f6
A14-2D,eab94a96-92e3-905e-fb36-831a23b7b38d
A14-2E,1ab94a96-91c1-f1d3-e903-2c4797d5cd5b
A14-2G,00b94a96-9090-ac0c-2b71-a38e4728c1f4
A14-2H,00b94a96-8f1f-ef61-5117-2199ea152d70
A14-2J,20b94a96-8dd0-582e-dc97-8f2873d2a06c
A14-2K,70cbb20f-d6b1-e2c8-6cb4-fd10d60fdcc9
A14-2L,64cbb20f-d688-37d2-1a09-e7eedffe110d
A14-3A,06b94a96-9698-0d3a-657e-5325a0495bc8
A14-3B,f8b94a96-9581-14a3-b21a-faecd41a1fd8
A14-3C,70b94a96-9455-db6c-f256-65d481b117ea
A14-3D,7eb94a96-9329-5c09-b631-f8e7fe91c07a
A14-3E,96b94a96-9204-bf36-59e8-ef2289727510
A14-3G,56b94a96-90db-b39c-9784-a465070ca28c
A14-3H,6eb94a96-8f79-dde0-be0b-191a53205d64
A14-3J,5cb94a96-8e14-32fc-a5bd-15ce056a5cf4
A14-4A,8eb94a96-96e6-de9f-609d-51e3d3890227
A14-4B,aeb94a96-95c4-8b35-9b5d-49cd960a17fe
A14-4C,62b94a96-9499-7813-c358-13bf86450d19
A14-4D,eab94a96-936d-98d8-7d9e-eacf43f432b7
A14-4E,2cb94a96-9258-fdad-c038-1223c68e5da0
A14-4G,78b94a96-9124-412a-ef53-b5bd7120783e
A14-4H,04b94a96-8ff0-3a91-e2ad-da681cb602c8
A14-4J,06b94a96-8e66-a497-0589-8bb359f388b1
A15-1A,acb94a96-972c-5585-1076-2f18fd9195f3
A15-1B,fcb94a96-9852-f775-2acc-d297e7accf4c
A15-1C,22b94a96-9964-a24f-bea3-97145753c1fe
A15-1D,34b94a96-9a7f-db52-e5e8-5302002d4d7d
A15-1E,ecb94a96-9ba8-418b-13e9-3c7c1ee7ba19
A15-1G,9eb94a96-9cba-33ea-727c-1ee1ce7a6133
A15-1H,40b94a96-9dcf-9cd4-5eef-e089549f3ca8
A15-1J,a0b94a96-9ef1-a0bf-dbff-d6d27244bd6a
A15-1K,30cbb20f-d6b3-80e9-4a3a-0d6e3103205e
A15-1L,bacbb20f-d701-7f7b-3ae6-da66a86eaf58
A15-2A,c6b94a96-976f-d761-501d-2e19edb13e9c
A15-2B,d0b94a96-9897-a5c8-011a-7505ca121cfb
A15-2C,b6b94a96-99a5-7718-c0c3-bd5c1edbb5f6
A15-2D,9cb94a96-9aca-f614-dd5b-3e1f33e4bc2d
A15-2E,c8b94a96-9bea-02bd-753f-3b4144381fa3
A15-2G,0eb94a96-9d04-cbba-3443-7e08ae73a087
A15-2H,4cb94a96-9e12-f972-11fe-c1b755cc05b3
A15-2J,48b94a96-9f36-d035-878c-71850d45b741
A15-2K,a2cbb20f-d758-facc-4f61-9573d4d6ab03
A15-2L,1ecbb20f-d7b1-2d5b-22b1-cef463503764
A15-3A,24b94a96-97b5-4b9b-8e35-749529c2c6ad
A15-3B,00b94a96-98dd-b6fc-f1f2-c5c97cc14207
A15-3C,a8b94a96-99eb-512b-518a-b28daea43ad5
A15-3D,d6b94a96-9b0c-1f65-8f04-43bd65311979
A15-3E,ceb94a96-9c2f-167d-9cdb-a0293c2fb2ef
A15-3G,72b94a96-9d4d-4217-28cc-a1783c4f3fe5
A15-3H,0cb94a96-9e56-7fb0-5096-65e852fe5e5d
A15-3J,9eb94a96-9f85-4502-f070-4693da625799
A15-4A,08b94a96-9803-6a99-c315-4edc42323e24
A15-4B,b6b94a96-9921-e7d8-402a-883ac0bba562
A15-4C,04b94a96-9a30-7f58-b5c4-77a3603174e7
A15-4D,58b94a96-9b59-c24a-456f-29270ac3296c
A15-4E,06b94a96-9c72-3004-df7b-be656e7f6374
A15-4G,eeb94a96-9d8e-95c6-b235-d9106a4558b0
A15-4H,64b94a96-9ead-1acf-6eaa-96faaffefcca
A15-4J,a6b94a96-9fce-221d-a107-5b80c8bbe221
A16-1A,cab94a96-8b07-14ce-6702-4c9b962071c8
A16-1B,d0b94a96-89c2-8fbb-ebdb-4c2974943caf
A16-1C,4cb94a96-886d-0197-90d3-de1dffd7560f
A16-1D,78b94a96-a4fc-392e-e64e-8726ca2a9929
A16-1E,56b94a96-a3c2-0c4a-5c1b-648ecefc6d57
A16-1G,f2b94a96-a29a-9b57-b629-69a0c988f726
A16-1H,0cb94a96-a163-dc7c-eeda-22eaf819c065
A16-1J,deb94a96-a02c-787d-b406-76c3013df55a
A16-1K,c4cbb20f-d6f5-3c43-7f98-b470145f68b4
A16-1L,b8cbb20f-d743-60ba-3f64-fce1f143fb1c
A16-2A,04b94a96-8b4f-8740-9dd6-6dfab8b02a45
A16-2B,52b94a96-8a30-25b2-49a8-cfe04ef12a92
A16-2C,aeb94a96-88bd-877d-52e5-e29e3aa647c1
A16-2D,b4b94a96-a540-ae60-c998-c6d64e0de01f
A16-2E,54b94a96-a412-0b51-3b6d-093b23748894
A16-2G,5cb94a96-a2e7-0763-5b0f-fdd076fcde12
A16-2H,50b94a96-a1b3-adb0-fe69-41953beba997
A16-2J,72b94a96-a090-ac92-0236-7ce1ab07ba44
A16-2K,32cbb20f-d78e-841d-5318-cd7a0517695d
A16-2L,a4cbb20f-d7d8-d75a-0d16-29979902c0cf
A16-3A,c2b94a96-8ba6-47ed-af8c-cc26196df916
A16-3B,b4b94a96-8a7b-be65-0400-e77781b28955
A16-3C,88b94a96-8915-d394-b8bc-15c6e5e004b4
A16-3D,b8b94a96-a58d-bc06-46d1-4cd319ac68d3
A16-3E,1cb94a96-a45d-fc02-69ce-9a03743d3a48
A16-3G,e4b94a96-a32a-865d-df4c-c2a82b7eaf0a
A16-3H,82b94a96-a200-aae9-7631-67fae8d1c8c7
A16-3J,ecb94a96-a0d9-83fb-5373-003689958706
A16-4A,deb94a96-8be6-9b29-06d4-7e62a8e2a2d9
A16-4B,a6b94a96-8ac6-3a7d-d290-08325702ea2a
A16-4C,76b94a96-8970-f798-9263-015d80532003
A16-4D,c8b94a96-a5df-e4d9-273d-d758816d569f
A16-4E,4ab94a96-a4a9-a1d9-ec07-593b566063ba
A16-4G,9eb94a96-a37d-a276-538c-02e384907069
A16-4H,a2b94a96-a24c-385b-e7b1-e386f72095e1
A16-4J,48b94a96-a11f-8ece-3dc4-38f1fc28013c
A17-1A,78b94a96-8c2b-2489-697b-7154c6cdd718
A17-1B,7ab94a96-8d64-404e-f8c6-538c346eb46d
A17-1C,e2b94a96-8e9c-b003-37fb-f6771f66365f
A17-1D,2eb94a96-8fbe-045c-d50a-3f145ff371e3
A17-1E,3cb94a96-90fb-2cf4-6de9-6c3c64a12105
A17-1G,86b94a96-921c-d705-9404-b682553192a4
A17-1H,eeb94a96-9352-f8bb-ea57-250ed0796363
A17-1J,00b94a96-9479-55a4-18d4-d63a2cf91a3d
A17-1K,04cbb20f-d7de-6a10-a03a-1369a6a044d3
A17-1L,facbb20f-d716-c6a2-7647-4c1bbf85ad81
A17-2A,48b94a96-8c78-4e5c-d535-fb9441cf87cf
A17-2B,dab94a96-8dbd-4bad-2404-8f4ec9cba059
A17-2C,14b94a96-8ee5-7f8f-a250-8a0361271963
A17-2D,2ab94a96-9012-09a2-c686-5819fab88227
A17-2E,c0b94a96-9147-d9c3-2ef3-22d147aa8af3
A17-2G,d8b94a96-9270-314a-2b78-e59f1b8f79c1
A17-2H,62b94a96-93a6-d943-8f35-7cf817b1dfba
A17-2J,88b94a96-94be-898c-3a66-2d6d880d551f
A17-2K,1ecbb20f-d765-6c2b-1299-927489fa342e
A17-2L,decbb20f-d7bf-66f3-bfd4-d83917eb9ed6
A17-3A,cab94a96-8cc1-5ad5-8eda-88d02b762e8d
A17-3B,aab94a96-8e0d-331f-7731-389c98f39dad
A17-3C,ccb94a96-8f2b-4f81-4774-c69bf3216c64
A17-3D,b8b94a96-9056-7c0b-8deb-0f06a7683fa3
A17-3E,c4b94a96-9193-bd07-b4f5-480742acad29
A17-3G,42b94a96-92ca-6dbb-39e7-6c234d172ad2
A17-3H,c6b94a96-93ed-0aa6-4bdc-4db37c3fc5d5
A17-3J,b8b94a96-9505-9b1f-ffa0-344c6e1f2e46
A17-4A,9eb94a96-8d1a-bcd2-02ec-7cb7c38b7067
A17-4B,0eb94a96-8e52-278e-7e01-5eed3230810b
A17-4C,40b94a96-8f77-0d78-c415-d9b9f9be1d11
A17-4D,90b94a96-909c-7feb-ad91-df0c6fd1a382
A17-4E,3eb94a96-91d9-3fb4-e5a4-a4eaa1fa2110
A17-4G,28b94a96-930d-1376-de8b-37734a84d2f9
A17-4H,5ab94a96-9431-04eb-9be2-729e88202c20
A17-4J,bab94a96-9550-4eb0-2d71-08f38100c980
A18-1A,eab94a96-9d67-8aa4-6dfc-0d02483aa5f8
A18-1B,98b94a96-9c22-dd08-cbbd-b3c60e0aebdc
A18-1C,ceb94a96-9b10-c4f6-8530-d542a5da457e
A18-1D,20b94a96-99fa-f08c-4366-9df9eea365fc
A18-1E,d4b94a96-98da-41b9-aa58-35889e538035
A18-1G,8cb94a96-97cf-b022-ed36-8943389e1455
A18-1H,00b94a96-96ad-4559-e890-818931650cdd
A18-1J,c6b94a96-9597-2723-f314-8dd4cfbd81c2
A18-1K,26cbb20f-d7da-b54c-4923-5f476f969320
A18-1L,80cbb20f-d82b-9eb9-52d9-b5ede29ec9e7
A18-2A,4eb94a96-9daf-d86b-70ec-f23a8f33f27f
A18-2B,c2b94a96-9c7b-63c8-09b6-82b77c8e1465
A18-2C,94b94a96-9b59-8df0-0ff9-ef36849af08c
A18-2D,38b94a96-9a40-745c-4abc-cc4a65f517c9
A18-2E,b8b94a96-9920-5495-2798-e6275d5e973b
A18-2G,62b94a96-9810-ba32-6001-3e92c2ed12f8
A18-2H,9eb94a96-96f1-88a8-d2de-314d68e76ac3
A18-2J,82b94a96-95db-9a8c-ad62-21a28df495e9
A18-2K,56cbb20f-d76a-0c8a-ece7-9a6200363311
A18-2L,60cbb20f-d7b7-7c7d-9575-912a0a2c176e
A18-3A,44b94a96-9df9-88ff-ef16-918aeb2a2056
A18-3B,7cb94a96-9cd7-9bd6-5024-cc0a4f6e8f0d
A18-3C,30b94a96-9b99-8c8d-2f61-b774c86e6d3f
A18-3D,18b94a96-9a8e-986c-eb0d-58958f4dae9a
A18-3E,70b94a96-9963-65e5-0fef-ebfe705720ed
A18-3G,c2b94a96-9851-77c4-a005-8c019730b618
A18-3H,aab94a96-973e-7895-116a-65fd65639866
A18-3J,52b94a96-961f-940e-d211-98b8352aa3c9
A18-4A,b4b94a96-9e41-7257-1ca6-5fd18105754f
A18-4B,c0b94a96-9d1b-0029-33a0-8be6edcb8f5d
A18-4C,10b94a96-9bdf-1219-e2e5-e047e65b358d
A18-4D,1cb94a96-9ace-f2e1-fb6b-c212dfebfecd
A18-4E,7cb94a96-99b1-14fb-9947-42e91f33b2e7
A18-4G,40b94a96-9897-9c3c-fa8a-b667db70bd6f
A18-4H,aeb94a96-9786-939d-8b51-0f2b88e8fe32
A18-4J,9ab94a96-9662-1ce4-00a4-1967aa66652a
A19-1A,96b94a96-9e8a-175e-e8ff-b2f2ac8f6c2c
A19-1B,94b94a96-9f91-e68f-d3ec-3107aa4f01ea
A19-1C,6ab94a96-a0a0-994e-01e2-a4bd33cde715
A19-1D,8ab94a96-a1be-49e4-da7a-d4978e9c3d53
A19-1E,92b94a96-a2ea-7fce-0853-be4771f7a850
A19-1G,7ab94a96-a421-16b0-dfd5-eec8adde7b0b
A19-1H,0ab94a96-886f-cafa-1ef0-bacf60a063f1
A19-1J,80b94a96-89cd-e2be-a367-a873d9c00e7c
A19-1K,b8cbb20f-d887-c368-754b-b5bd671774d0
A19-1L,bacbb20f-d8d7-9000-a1ee-55a28666663b
A19-2A,92b94a96-9ecb-9152-acf5-9a9b2c9d7493
A19-2B,5cb94a96-9fd4-3645-cd63-a176fce272e2
A19-2C,f6b94a96-a0e2-d8fc-cc9e-913ead2e139a
A19-2D,5cb94a96-a204-b12a-f62f-f1fd87bae1d6
A19-2E,26b94a96-a32e-602c-0ba7-5b18a7c0eacd
A19-2G,16b94a96-a46c-2a41-ca65-1c1b51e0febe
A19-2H,e2b94a96-88ba-dbb8-3429-2db2720c42c8
A19-2J,30b94a96-8a14-d4f6-c1c7-f9dcfbc2ba30
A19-2K,e2cbb20f-d924-3551-4836-05d2e64d14b9
A19-2L,cacbb20f-d83d-c2ef-9bea-8f4468b7ccac
A19-3A,84b94a96-9f11-0761-6cf0-1ff3b213e7ab
A19-3B,64b94a96-a018-187e-a3c3-bff1e605e9e6
A19-3C,52b94a96-a12a-682b-b4e1-6b15d68faf6c
A19-3D,d6b94a96-a25c-e2f4-5add-946ac7087538
A19-3E,22b94a96-a374-7d4c-992b-02d3ba3a4481
A19-3G,42b94a96-a4b9-33d4-d749-3e674a103d04
A19-3H,feb94a96-8910-8126-1562-6c99e621b8a3
A19-3J,e0b94a96-8a6a-7fac-1968-8e406445d1bb
A19-4A,64b94a96-9f53-e182-903d-e2cabadbb64e
A19-4B,b4b94a96-a05d-dd4c-0a2f-0c90a1756195
A19-4C,94b94a96-a172-758a-2a42-45d45df46744
A19-4D,ecb94a96-a29d-81c8-69fa-871f742167bc
A19-4E,aab94a96-a3bd-ac16-2a93-6210ddce2b92
A19-4G,1eb94a96-a500-3c93-bb32-4a962e26e024
A19-4H,66b94a96-8975-81a4-6e25-02db05701b4a
A19-4J,98b94a96-8abf-cf04-4ca8-30be6ba6a73e
A20-1A,42b94a96-934c-3211-90a3-aff3290aa32c
A20-1B,40b94a96-921b-deb8-82a4-580f323e5040
A20-1C,24b94a96-90f9-2a80-a061-506616c40d1e
A20-1D,fcb94a96-8fd9-5eef-177c-8930ad59b5ac
A20-1E,34b94a96-8e8f-15f2-e907-2e3731636093
A20-1G,0ab94a96-8d79-dda3-2702-b424e6118331
A20-1H,3cb94a96-8c42-8ef7-25fa-5641f7c691bb
A20-1J,92b94a96-8b09-7d91-55d5-1acbe078ff30
A20-1K,1ecbb20f-d848-a5a1-e1cf-96412153e503
A20-1L,cccbb20f-d892-a245-75cf-c5f1cd6e83e3
A20-2A,a0b94a96-9396-b8f3-1681-b4623e3a91f9
A20-2B,52b94a96-926b-561d-329f-c4e6303ca2c7
A20-2C,00b94a96-913f-332b-0003-8c9cd844f038
A20-2D,1eb94a96-902b-c018-d526-1375315d6f33
A20-2E,68b94a96-8eef-8b83-5b24-215f93a4674d
A20-2G,84b94a96-8dc4-fc44-c3dd-2d760fd9bb30
A20-2H,d2b94a96-8ca1-17f8-d7fc-2ea383594a3b
A20-2J,98b94a96-8b59-0d24-6849-1c6182591025
A20-2K,60cbb20f-d8ef-420d-4681-fecee944890a
A20-2L,decbb20f-d93e-0ccb-f5de-03f419cfb0ae
A20-3A,52b94a96-93d9-56fe-bee4-c3ded868e195
A20-3B,58b94a96-92c2-ab6d-2693-f4a6511e4f01
A20-3C,86b94a96-9188-48ac-4a0d-2e2307ee507b
A20-3D,54b94a96-906d-24f0-d069-fc5d3697dfca
A20-3E,44b94a96-8f40-099f-5db9-2835b5a126af
A20-3G,fcb94a96-8e07-241c-3e42-42e6fc1d2585
A20-3H,acb94a96-8ceb-a3d2-029b-818f4b86d80a
A20-3J,c8b94a96-8bb5-9b24-4475-1c715f560518
A20-4A,e2b94a96-941d-710a-aeb3-41fa779bf225
A20-4B,5cb94a96-9309-56bd-05e2-b2de7dabffc6
A20-4C,74b94a96-91d2-8ac0-c4f1-b67a4fa48b95
A20-4D,48b94a96-90b0-7547-4039-548abe2b578e
A20-4E,92b94a96-8f82-7642-f7a1-8ddcd8e20a11
A20-4G,c6b94a96-8e4d-c6db-0ed2-ee7fceb58e16
A20-4H,cab94a96-8d39-6e47-c830-03a0082ff27b
A20-4J,76b94a96-8bfb-bf1c-0282-dc04c5353806
A21-1A,94b94a96-946c-7c6a-2989-016eb6ae5877
A21-1B,9ab94a96-957f-ebe5-f7bb-c5b91576cc91
A21-1C,92b94a96-969c-e202-daff-0821da207389
A21-1D,aeb94a96-97ee-5561-e9c7-464cba917d8a
A21-1E,ceb94a96-9918-2845-ac68-a7351101b9df
A21-1G,62b94a96-9a37-c90a-4069-37530770682d
A21-1H,12b94a96-9b57-594a-7cd9-752e2f303e1a
A21-1J,e0b94a96-9c87-0f2b-6dc9-2a33416dc548
A21-1K,58cbb20f-d8a8-0f7a-a2f3-9e22e986f419
A21-1L,9ecbb20f-d8f9-8657-c8e7-9ed0bc0d6c75
A21-2A,94b94a96-94b4-a410-c5b8-f9b2b4d0dd72
A21-2B,c4b94a96-95c3-5f71-a384-cb76ab1373e9
A21-2C,b4b94a96-970f-39d2-387c-919e1a52f93d
A21-2D,66b94a96-9832-d8be-ca82-411309cd98c8
A21-2E,e0b94a96-995f-e7a9-60e9-bcb9824fc985
A21-2G,08b94a96-9a89-d2d3-62a9-293092dbd6b1
A21-2H,14b94a96-9bba-7117-e230-2628f69fa65a
A21-2J,fab94a96-9ccb-e7c0-dcd7-795f3a49a668
A21-2K,2ecbb20f-d947-0e2c-c029-ba6da889e346
A21-2L,46cbb20f-d9af-e0f1-198b-5669e8b817a1
A21-3A,20b94a96-94f8-6f45-edd3-391c75f2c71c
A21-3B,0ab94a96-9616-0b18-193d-32d9dc10788c
A21-3C,d2b94a96-975d-136a-e2cf-2d3512ed517f
A21-3D,14b94a96-9885-bd3b-41e2-b65b29d7a134
A21-3E,ceb94a96-99ac-66e6-cb4d-38216e7a9198
A21-3G,96b94a96-9aca-9a2b-1b63-9ebb39853dda
A21-3H,8ab94a96-9bfe-f13b-f8c6-cd9249a5f8f5
A21-3J,48b94a96-9d2f-077c-c4fc-caa01826e20b
A21-4A,eab94a96-953f-a3ff-6869-d2f0c18f5d66
A21-4B,68b94a96-9659-44f3-dc08-375785f460a4
A21-4C,0cb94a96-97a2-1a74-e818-3e800b9e19e7
A21-4D,c8b94a96-98cf-bb77-4d95-6a8d11935e22
A21-4E,b8b94a96-99f3-e0e9-cbb4-0bf7cd67b549
A21-4G,c0b94a96-9b11-4d81-39c0-098c9a29ecea
A21-4H,ccb94a96-9c47-eeab-2137-eb9520d638bc
A21-4J,08b94a96-9d7d-aa33-7aee-5f2ecd23ef74
A22-1A,1ab94a96-886d-c3d5-e36a-b25ee2bb3385
A22-1B,8ab94a96-a4e1-8707-b86b-c03700715513
A22-1C,f6b94a96-a3a5-d13d-ed19-0e40a9f6a048
A22-1D,b6b94a96-a295-3683-ae03-618154fe3f15
A22-1E,2cb94a96-a15e-c434-9c01-89a5399704c5
A22-1G,b4b94a96-a02b-9b35-e8cc-659b27bba084
A22-1H,04b94a96-9ee6-6e49-a35f-39ee607d0fd0
A22-1J,d6b94a96-9dc1-8bdb-20c1-f37f74584498
A22-1K,dacbb20f-d9a3-884a-68cd-f5785be6745f
A22-1L,b8cbb20f-d8f4-50cc-1ec6-a272fc187b38
A22-2A,fab94a96-88c3-2912-00d6-b50e566a95ab
A22-2B,ecb94a96-a523-d84b-0909-f460bc3e8712
A22-2C,8eb94a96-a3fa-63f3-885a-c6fae950649a
A22-2D,06b94a96-a2de-1a34-0af3-d7c09a7fe806
A22-2E,9cb94a96-a1c2-e36c-782e-95202f03b65b
A22-2G,44b94a96-a070-ca97-d666-9901a57a5072
A22-2H,8eb94a96-9f29-9f1e-786e-d75e1cf7bacd
A22-2J,eab94a96-9e03-048e-c375-606ad074742b
A22-2K,06cbb20f-d93d-02e3-f5ec-0ef6c2a875b2
A22-2L,4ccbb20f-d98b-5b36-3e04-7f49c468534e
A22-3A,46b94a96-8914-f7d1-8a48-88b2b8e65215
A22-3B,86b94a96-a568-3b7f-f2b3-00dad7926fe0
A22-3C,9eb94a96-a436-c9c6-69c0-4b5f0fcd3925
A22-3D,5eb94a96-a323-8e48-070d-f5761e1e7e2e
A22-3E,eeb94a96-a205-1c2e-4522-ee4e6ae8208f
A22-3G,12b94a96-a0c6-bc2a-64e3-616b69c27e78
A22-3H,98b94a96-9f6e-b45e-7e36-96e5e2db4888
A22-3J,4ab94a96-9e58-bedc-9bb9-1a0d4db1df64
A22-4A,b8b94a96-8964-3bb4-d82a-7d063173dbcb
A22-4B,0ab94a96-a5b1-0799-d2c2-f70a734b145e
A22-4C,34b94a96-a49c-ecd8-f280-a0edae8d7e8a
A22-4D,22b94a96-a362-3688-765d-e80e59cd7198
A22-4E,c8b94a96-a244-21d3-4fd2-9309127ce525
A22-4G,54b94a96-a110-6c3f-e446-04e22062dfc0
A22-4H,84b94a96-9fd4-6678-b33d-f8f20d06459a
A22-4J,fcb94a96-9e9f-738e-4349-2a791e31befc
A23-1A,b8b94a96-89b6-b12c-45e5-11cd216a4a2c
A23-1B,e8b94a96-8b23-5c30-4da3-47dc023595b3
A23-1C,b8b94a96-8c59-dbf2-3605-cf9261e5c317
A23-1D,c6b94a96-8d92-984a-62d1-05af02cb8238
A23-1E,1ab94a96-8ebb-ae60-efe5-e4176b02685e
A23-1G,c6b94a96-8fd5-53e2-4f62-15854bd653b6
A23-1H,94b94a96-912a-c9ca-0f40-038920a7906d
A23-1J,fcb94a96-924b-ed85-0daa-99d9c8ee0e80
A23-1K,8ccbb20f-d9d7-01b1-a80f-7f17aeb590f5
A23-1L,7acbb20f-da3a-a9af-a7cb-d8f64fc02111
A23-2A,ecb94a96-8a07-8fcf-f5c6-de262060c5a3
A23-2B,06b94a96-8b6b-bc9c-2161-f65f777599f9
A23-2C,2cb94a96-8cad-1e8b-082b-0d0805a618d0
A23-2D,14b94a96-8ddc-4d09-60f3-1d392f315efa
A23-2E,2cb94a96-8f09-94f1-ad64-039965570ff5
A23-2G,f8b94a96-9017-8a0d-7678-9965a22ec0ea
A23-2H,32b94a96-916f-cdb3-2989-b2605c851615
A23-2J,c6b94a96-929b-39e7-ae40-1957def9f3b9
A23-2K,98cbb20f-d9ae-0bae-47a2-9dbee97a0b7d
A23-2L,accbb20f-d9fa-13d5-7cd7-7e79d043d3e0
A23-3A,92b94a96-8a52-7ab1-faa3-e5c1013aedf9
A23-3B,12b94a96-8bb9-c43f-9341-d389918029ee
A23-3C,2ab94a96-8cfb-d3d3-ffc2-8c767e142cf1
A23-3D,f6b94a96-8e29-0df7-2662-87113d4cd5f8
A23-3E,ccb94a96-8f4d-9677-03e6-b76278f1214b
A23-3G,e6b94a96-908f-c0fb-7d00-3920dd338d4f
A23-3H,ccb94a96-91c2-cb74-ba9b-f4d50392ca20
A23-3J,c8b94a96-92ed-40a6-19fa-0f3ed5bb2826
A23-4A,5ab94a96-8a9a-9fd8-066e-e196bbed65e2
A23-4B,beb94a96-8c04-739c-b023-1e28e25d6889
A23-4C,74b94a96-8d49-3e60-8be6-9dd138091fa9
A23-4D,06b94a96-8e79-192e-c666-9aa8113d2b3d
A23-4E,66b94a96-8f94-49f4-2b55-ddac776b616a
A23-4G,5cb94a96-90d6-d793-e031-5f91deb32469
A23-4H,92b94a96-9206-cc39-f253-f6161ba3d87f
A23-4J,c4b94a96-933f-98e9-9208-3369bb4e561d
A24-1A,14b94a96-9bd1-bf4e-966f-2910c047a12a
A24-1B,f6b94a96-9aa8-4ab4-4158-b76534273fb8
A24-1C,92b94a96-9983-8250-9beb-2719ca9e50f6
A24-1D,c4b94a96-9853-d627-a9f7-ee91ace1aeb6
A24-1E,0ab94a96-96f8-53a3-48f8-94469e8faeec
A24-1G,62b94a96-95c7-cf75-01cb-bb8435c3ac07
A24-1H,90b94a96-94aa-c44f-d9da-b733c75ef3f2
A24-1J,68b94a96-9385-1d45-da26-8979d33b6034
A24-1K,e2cbb20f-da21-ff6d-56ad-9f694dc106c6
A24-1L,dacbb20f-da71-9d8b-af63-5afcc0e18637
A24-2A,22b94a96-9c11-5870-a878-dd9c7067bdd5
A24-2B,ecb94a96-9aeb-2760-7f48-5cdf873693b0
A24-2C,d8b94a96-99cf-b02d-74ae-8a6691366574
A24-2D,d4b94a96-989c-1c2f-ca25-b281ced2688b
A24-2E,b2b94a96-976b-9425-6da7-2ca72130c460
A24-2G,12b94a96-9612-3b28-2e6d-1b1365ebc1c0
A24-2H,70b94a96-94fb-1c3c-9a8b-8dc655f3c971
A24-2J,78b94a96-93d8-4601-6786-b21f36d84019
A24-2K,82cbb20f-dabe-a4ea-bdc5-c6f1ee331caa
A24-2L,26cbb20f-da0f-ac06-7ea3-98ac19e7effe
A24-3A,1ab94a96-9c57-6b81-0202-3413e61624d1
A24-3B,feb94a96-9b2b-eaea-5504-4bd65772881c
A24-3C,42b94a96-9a16-d2b0-128b-829c876631ce
A24-3D,7cb94a96-98f6-53fd-5b16-0b5bc4d00fbb
A24-3E,1ab94a96-97c8-ec53-58c9-67fde258f49f
A24-3G,24b94a96-965a-cb8d-c3ba-55671bd0a964
A24-3H,86b94a96-953e-7fe2-c99f-c2d4dbaaac08
A24-3J,5eb94a96-9424-1ec9-0ae5-bbb7281682b0
A24-4A,e6b94a96-9caa-6da9-8fe5-5b819e1d55f6
A24-4B,8eb94a96-9b78-9da9-c599-9957b1f1923f
A24-4C,ccb94a96-9a63-6bbe-0c57-91af54941f18
A24-4D,fab94a96-993a-dfa0-1756-309864d150d3
A24-4E,76b94a96-9811-8c7b-7d79-63513bf730d8
A24-4G,2ab94a96-96ac-b724-cb87-8ec4cfaeb545
A24-4H,28b94a96-957e-394c-fbff-3f9796a1c896
A24-4J,58b94a96-9465-16e8-e3e7-7e6bb1b09a39
A25-1A,28b94a96-9cef-7675-c9ff-d2d2a74751da
A25-1B,f4b94a96-9e11-b286-6dda-09cb67754041
A25-1C,42b94a96-9f2c-36a0-511d-d38c116af8f7
A25-1D,4eb94a96-a043-a1d0-824c-15abf269b5e7
A25-1E,d2b94a96-a167-e50d-6afb-b44a56bd72ee
A25-1G,f0b94a96-a2ae-4bb4-27f2-d4a9891870a9
A25-1H,2ab94a96-a3c9-c93f-c0ad-87897cca89fa
A25-1J,a0b94a96-a4de-f657-b867-bcb9ded407bc
A25-1K,b6cbb20f-da16-62b4-8134-f40b8f8ede0d
A25-1L,72cbb20f-da60-1a8a-cbea-53f03efe3847
A25-2A,02b94a96-9d42-ef00-cbfc-3cad4be3c5fb
A25-2B,d8b94a96-9e56-c617-c865-afbd579e21b2
A25-2C,cab94a96-9f6e-daf0-801b-4fcb62f6a550
A25-2D,52b94a96-a08e-998c-fc39-7b06c543cda8
A25-2E,d0b94a96-a1b3-dd30-f5df-7a6fdf65b2d1
A25-2G,34b94a96-a2f2-36c0-b208-f1534b773770
A25-2H,08b94a96-a40f-8917-3da5-263d0e54eb2a
A25-2J,c2b94a96-a526-0814-7466-eda5bfdb7ca8
A25-2K,8acbb20f-daab-0107-705b-9f9bc18983ad
A25-2L,68cbb20f-daf5-a844-65f7-7bd20b17e7d5
A25-3A,1cb94a96-9d84-d1e3-1d13-df8d4cf0b909
A25-3B,c8b94a96-9e9c-cfa0-46a3-a98f076111cb
A25-3C,a4b94a96-9fb3-1feb-4dc0-630319c8513c
A25-3D,f8b94a96-a0d4-e335-3f7c-3f567f7fb730
A25-3E,84b94a96-a1f6-3304-911e-0c90e4bb0298
A25-3G,6cb94a96-a335-0e36-34ec-68d13f915b3c
A25-3H,50b94a96-a45c-05d4-eaa7-0b9b53a4b49f
A25-3J,d2b94a96-a570-656b-dbd3-7e0b5d073a68
A25-4A,fab94a96-9dc6-f128-bb51-b88b8ecbde68
A25-4B,64b94a96-9edf-453e-1257-d06ba14958a1
A25-4C,c8b94a96-9ffe-b1d7-e5f9-2283fe240349
A25-4D,6cb94a96-a118-5183-88e8-b8e22621eb00
A25-4E,54b94a96-a25d-2df0-00b4-f955cd757301
A25-4G,38b94a96-a379-97be-8feb-1ff1544f1a8e
A25-4H,3eb94a96-a49b-7925-8c4d-dae8c4ae4dfb
A25-4J,bcb94a96-a5b4-d8be-d752-dad518ae65fa
A26-1A,0eb94a96-90d3-d5e3-6a52-f7bd1a0351cc
A26-1B,54b94a96-8fab-baa9-8fc7-356d3c7ecdd6
A26-1C,88b94a96-8e95-2dba-06a9-d7b48544de3f
A26-1D,c4b94a96-8d6a-f138-bbc9-ab6d5208cdcf
A26-1E,c6b94a96-8c3b-bf4c-6bde-35147eaf2b38
A26-1G,0ab94a96-8b04-24ad-ccc8-1b71bec9da46
A26-1H,f8b94a96-89cc-91d3-ae2b-817c0b04ac21
A26-1J,fab94a96-886f-b7d8-4cc3-e4f24577ded9
A26-1K,84cbb20f-da89-d9e4-dc80-902d13cff439
A26-1L,c2cbb20f-dad8-2ed2-676c-84ae5021503e
A26-2A,2eb94a96-9124-4f13-e4e1-bd6ee3ec5746
A26-2B,6ab94a96-8ff3-b222-e9ac-943cff1c8326
A26-2C,e4b94a96-8ed9-3332-339d-9825879e26f4
A26-2D,deb94a96-8db5-3789-94b3-dfe8064b8611
A26-2E,a0b94a96-8c87-0011-37a7-beb64c93f2e9
A26-2G,f4b94a96-8b49-2dd7-ad9d-195aba397cac
A26-2H,78b94a96-8a14-1126-36b0-ff7c35f98248
A26-2J,b6b94a96-88c0-8cfa-ae01-63f0b3afdb56
A26-2K,58cbb20f-db2a-9d76-b83f-74d3d628c58d
A26-2L,a8cbb20f-db8d-e13a-63f7-8b495ab878be
A26-3A,feb94a96-9168-e83d-6ddd-e74d36561ae5
A26-3B,a8b94a96-9037-f89a-7bf4-59ccaa3e1c28
A26-3C,9eb94a96-8f20-7f11-1b51-148d86f2c843
A26-3D,52b94a96-8dfd-165d-0d5a-29423af00a0b
A26-3E,92b94a96-8cce-8513-3f25-189af3e086e8
A26-3G,3ab94a96-8ba6-d1e8-9e26-0a5276f27df1
A26-3H,26b94a96-8a5b-e10b-0c1f-04ae6fb50c81
A26-3J,24b94a96-8913-7f76-38f8-3fa799f0b1cf
A26-4A,6ab94a96-91aa-75a8-4eed-b361cd3288de
A26-4B,f0b94a96-908f-4884-396d-6db0275f38cc
A26-4C,34b94a96-8f60-9cc5-6fa7-440b8a1c503c
A26-4D,52b94a96-8e4d-094f-48d8-3ad5242a560a
A26-4E,58b94a96-8d1a-c7cf-030c-c9a35d3a26d0
A26-4G,a8b94a96-8bf2-f5b5-5bf0-602207b7795d
A26-4H,ecb94a96-8aba-2f8f-8f60-03d94b859d24
A26-4J,68b94a96-8966-f1fe-e64e-2a12c310a47f
A27-1A,fcb94a96-d698-1188-0fc8-9b5b039fb72f
A27-1B,5ab94a96-d544-c2c5-9f33-a8fb903e1a22
A27-1C,c8b94a96-d41d-ae00-3054-b5b7a948e6bd
A27-1D,80b94a96-d2f2-b373-97d0-79cd98c657df
A27-1E,22b94a96-d1d3-4c1b-e208-a8b949900466
A27-1G,beb94a96-d0c5-9676-a506-77e2aeb89ca9
A27-1H,fcb94a96-cfa6-7a71-50be-d1b028a25942
A27-1J,9eb94a96-ce85-633c-a7ed-52d6efb087c1
A27-2A,ecb94a96-d6e6-e2b3-15c7-3be27f3ae1ad
A27-2B,82b94a96-d5c4-2145-18d6-46efcdeb9685
A27-2C,72b94a96-d463-14ad-82dc-486c73638dc9
A27-2D,c6b94a96-d336-347a-b30c-a039f6439006
A27-2E,64b94a96-d214-edab-2d98-f0c44f5cf8f3
A27-2G,84b94a96-d105-4710-dc01-a2e17dfd7258
A27-2H,5eb94a96-cfff-a56f-223c-53db5819b656
A27-2J,bcb94a96-cecd-c2a3-f6ec-cf5f7037feb8
A27-3A,88b94a96-d728-521c-35a1-108abc8cc15f
A27-3B,6eb94a96-d614-9b71-67b0-286ffda58bc1
A27-3C,2eb94a96-d4ac-76e9-681d-a5221b5c88a3
A27-3D,a0b94a96-d38b-cebb-0996-9a3475316b7d
A27-3E,a2b94a96-d259-3833-30c6-0753f3bee5af
A27-3G,bab94a96-d149-d621-af0d-1f852b9ede30
A27-3H,3ab94a96-d041-b885-442f-cc7ee870ed8b
A27-3J,e8b94a96-cf0f-896e-80c6-562688164a93
A27-4A,42b94a96-d76a-df18-746f-da86dc74c3e3
A27-4B,6ab94a96-d652-4f23-4390-bf539612ec7c
A27-4C,46b94a96-d4f6-8241-02c7-cbd41d9e65a4
A27-4D,24b94a96-d3d3-fbc7-8b58-f01cb6cdb8a7
A27-4E,aeb94a96-d2a5-a0b9-dc68-b070c60bb242
A27-4G,90b94a96-d190-3766-0e85-ef22efae7898
A27-4H,9eb94a96-d084-f5d9-88d6-b8eb8fcc0bcc
A27-4J,12b94a96-cf5b-ca76-81ae-114477454dca
A28-1A,fab94a96-c55b-4206-e805-41ce8fa158f9
A28-1B,22b94a96-c67c-5c08-b127-f085b6f15f1b
A28-1C,a0b94a96-c789-094e-6886-12b958f1b96f
A28-1D,dab94a96-c8a1-a149-2cb2-b82e9d7331f2
A28-1E,56b94a96-c9bb-f9fb-3f0e-2c45ab5998b4
A28-1G,9eb94a96-cad9-1021-fe6e-be8d097c3810
A28-1H,08b94a96-cc11-8cb1-1903-1f7280212764
A28-1J,58b94a96-cd30-f046-9948-d631dab4f293
A28-2A,ecb94a96-c59f-8b5f-c70d-d4d641209ffb
A28-2B,5cb94a96-c6bf-18c3-7f22-0559f501bb89
A28-2C,80b94a96-c7d1-7c0d-5180-941f95364e6d
A28-2D,98b94a96-c8eb-ee1a-3e28-14b9fa9b931b
A28-2E,feb94a96-ca01-e2d8-c3c5-49c95cfc635c
A28-2G,ceb94a96-cb44-6cf4-2a0c-001d0c1123c8
A28-2H,20b94a96-cc5c-75cc-acfe-788f322c19fe
A28-2J,e2b94a96-cd81-dc71-119d-f5d1eb0d7089
A28-3A,00b94a96-c5ea-a63f-5078-a2ab83c2c55c
A28-3B,dcb94a96-c702-0193-d427-690da8b29585
A28-3C,dab94a96-c818-e66d-1b6e-2f2eaeed9cc1
A28-3D,b8b94a96-c929-4cd0-017a-76c6fba2a31b
A28-3E,b4b94a96-ca42-ec6d-11ac-04c5545c861e
A28-3G,acb94a96-cb87-5d9d-db99-0126bc40c78d
A28-3H,18b94a96-cca8-5564-a4f3-45469e84f867
A28-3J,2eb94a96-cdd5-9bab-1ec5-014ebaa2b67c
A28-4A,62b94a96-c631-cbc7-11e6-c265f4cd55f6
A28-4B,8ab94a96-c745-f653-05a3-f81cc310a4d9
A28-4C,fab94a96-c85e-7cbe-9dcf-a72c5c25d22a
A28-4D,9ab94a96-c976-0611-33ee-83fbebe630d6
A28-4E,ccb94a96-ca85-9fe6-7596-5c0614806acd
A28-4G,a4b94a96-cbd0-d114-8c2d-d76a3e0b2029
A28-4H,f0b94a96-ccec-39be-ff66-4b5d215ddc1e
A28-4J,7ab94a96-ce43-f7e4-d354-455ed6206f97
A29-1A,a6b94a96-e128-d5d4-3bc5-f418a8832827
A29-1B,b8b94a96-df7a-ed3f-c062-7bf4b149a072
A29-1C,84b94a96-de39-7e65-494b-801108c0ef1f
A29-1D,f0b94a96-dcf8-80a9-32a2-6cec4926376f
A29-1E,e4b94a96-dbde-e04c-1f4f-e7afaf39d882
A29-1G,9cb94a96-da8d-a471-e5f1-f7a3617e905f
A29-1H,08b94a96-d979-70fc-04a0-a5bea891d810
A29-1J,2cb94a96-d86b-ae78-2b95-3e213e5658c3
A29-2A,aab94a96-e181-30b3-ebd8-466f17ae0c78
A29-2B,a6b94a96-dfea-b887-b0e0-6c8dee7e0720
A29-2C,beb94a96-de86-6fdb-e002-1934f18a7861
A29-2D,f2b94a96-dd43-ebc0-2f63-11140fff6eaa
A29-2E,28b94a96-dc20-a65d-3d09-473a70a10e7e
A29-2G,80b94a96-dafd-5fb2-8d9a-f87ecfb36075
A29-2H,0cb94a96-d9bc-024e-7336-97755c7631d6
A29-2J,9cb94a96-d8a8-2fad-83f1-e24893b56865
A29-3A,d4b94a96-e1c1-6483-22cf-877841ea9911
A29-3B,10b94a96-e09e-baf7-1c8c-b399fbc9d532
A29-3C,9cb94a96-dee2-51ba-a347-a174a9ad852e
A29-3D,54b94a96-dd90-b943-140d-7f67668db83e
A29-3E,f8b94a96-dc66-fc72-9d3f-28d1fc483fce
A29-3G,d0b94a96-db42-9e1c-7574-96251b8beb99
A29-3H,98b94a96-da03-eca1-b248-f43689844135
A29-3J,a0b94a96-d8f3-6856-0b57-227813c89eac
A29-4A,a8b94a96-c512-ae11-42a9-4311f5aa9c46
A29-4B,0cb94a96-e0e4-e398-12bb-a4f565ab59cc
A29-4C,c6b94a96-df37-a28b-ae2a-638a5dda5410
A29-4D,3cb94a96-dddf-541b-bbc5-71b734360190
A29-4E,b2b94a96-dca8-7360-72b1-54665fe36f74
A29-4G,18b94a96-db87-19d3-d711-e6245525e900
A29-4H,beb94a96-da49-d1d8-40a1-a591053703ce
A29-4J,b6b94a96-d932-79f4-239a-886d22572715
A30-1A,f4b94a96-cf74-44b1-d4ea-00bd4b249d92
A30-1B,48b94a96-d08c-ee79-a2e1-c1ee0e8fdce2
A30-1C,1ab94a96-d19b-f876-51a7-fa412675c130
A30-1D,c0b94a96-d2c8-2ccb-b4af-826743d1b1f4
A30-1E,32b94a96-d3fc-789d-9bfc-84156df5fdf4
A30-1G,16b94a96-d525-8309-07b1-a6a19f429f3f
A30-1H,3eb94a96-d644-c235-21a8-b412bf902a61
A30-1J,b4b94a96-d74e-66dc-d21c-b889462fa4d1
A30-2A,cab94a96-cfb5-2d58-6d03-335ca1ae4c0b
A30-2B,b0b94a96-d0cd-3239-5a06-8e79be3c56fd
A30-2C,84b94a96-d1df-deb7-237b-9c4ad8a3819e
A30-2D,a6b94a96-d329-37eb-aa76-65e3c7840ef6
A30-2E,10b94a96-d447-f005-882b-a6b8b219a9f8
A30-2G,26b94a96-d568-2c5a-32a5-ef4a6cd0e31f
A30-2H,d6b94a96-d687-7781-7a76-d90efcb24483
A30-2J,ecb94a96-d78b-ff2d-1ef5-0892bb5761ae
A30-3A,6cb94a96-cff8-0743-d3d3-4aae86897e88
A30-3B,18b94a96-d115-9257-e986-2767b0933cf1
A30-3C,46b94a96-d21e-36b5-c891-7f12b303c695
A30-3D,92b94a96-d36d-dafe-42f1-b8da3cbba33b
A30-3E,80b94a96-d489-4775-488d-6ba842e57ae3
A30-3G,acb94a96-d5be-4ef7-3bc7-b172618c6955
A30-3H,e2b94a96-d6c4-77eb-361a-b65a86df1041
A30-3J,58b94a96-d7e9-c2e4-7766-2302284dc56c
A30-4A,24b94a96-d049-c2f3-41f4-22fc65f004d1
A30-4B,9cb94a96-d159-bd21-b6e0-ea37b2405647
A30-4C,4cb94a96-d267-1b71-26de-32c741ac9fc1
A30-4D,7cb94a96-d3af-bd7f-8a75-9b00e1618349
A30-4E,08b94a96-d4d2-f0c2-9cf6-1b0f575fd221
A30-4G,ccb94a96-d603-7ab4-f976-f4faf9c07871
A30-4H,30b94a96-d70a-6c2b-c321-6013f03e61d3
A30-4J,9ab94a96-d829-696f-1ed0-e80d8cc3cd2d
A31-1A,6ab94a96-ce42-598d-b4e7-eced5014ead4
A31-1B,3ab94a96-cd23-42e8-68af-48218cab7698
A31-1C,c2b94a96-cc02-9298-b56e-c7a5cf659cae
A31-1D,82b94a96-caf0-1dc5-e194-54e051e3d6d8
A31-1E,0eb94a96-c9bf-e46b-373a-04dac8ece2b9
A31-1G,9cb94a96-c8af-5c9b-5734-f7b14cdd219f
A31-1H,c2b94a96-c791-d78d-8181-8f359a0516ca
A31-1J,70b94a96-c67b-7011-47de-1fa5b2f90e09
A31-2A,cab94a96-ce9c-2719-cdba-16434879c492
A31-2B,84b94a96-cd69-f374-4fdb-fde8234c4166
A31-2C,70b94a96-cc57-fe6d-95de-ff5b29698371
A31-2D,7eb94a96-cb3a-2b3d-5fe1-dc2cca0f7ae0
A31-2E,76b94a96-ca0c-3917-9de3-fec25d0ca618
A31-2G,9cb94a96-c8fa-7959-d487-1d899a2dadce
A31-2H,1cb94a96-c7d9-c116-347e-d5fab069adbd
A31-2J,7ab94a96-c6ba-d77f-47d3-5994395effd1
A31-3A,62b94a96-cee9-ce23-200f-8d8774fff413
A31-3B,5ab94a96-cdac-de74-c49d-712d78b23af5
A31-3C,76b94a96-cc9b-e50a-5850-57923b468dd5
A31-3D,78b94a96-cb7e-3850-4584-cd891f2ed448
A31-3E,16b94a96-ca69-3f19-7569-1a434d10efdb
A31-3G,32b94a96-c939-d24a-8a54-dba7c5c12b0c
A31-3H,f6b94a96-c821-ab37-fa81-eb711a81ffa8
A31-3J,04b94a96-c70e-049b-9f20-57a4d7851745
A31-4A,12b94a96-cf2c-8e59-cb61-4447aec31d33
A31-4B,dab94a96-cdf1-f467-4d23-4e5b446323f8
A31-4C,06b94a96-cce5-8760-aedb-f6d5408e3a97
A31-4D,00b94a96-cbc1-39ba-cdde-d84a59d066aa
A31-4E,16b94a96-caa9-a86a-a2da-b2925487ab01
A31-4G,6eb94a96-c97f-c65a-94ad-33d55db95e92
A31-4H,4cb94a96-c868-5834-f48c-b1aa2abd4ebb
A31-4J,c8b94a96-c74b-5a93-6e5c-dca580d71647
A32-1A,9cb94a96-d9d9-ed52-98e2-df439b903d45
A32-1B,ecb94a96-db04-aaf9-e38a-eafd5432b8be
A32-1C,9cb94a96-dc61-9e44-6841-ae9214a19155
A32-1D,02b94a96-dd99-6b96-e35d-a7cd51ff1a8d
A32-1E,beb94a96-df04-18e1-5132-095be3f4b185
A32-1G,a0b94a96-e036-af03-f486-eda93cbbf2a7
A32-1H,dab94a96-e167-50c1-f427-9c6a7e351e0d
A32-1J,1cb94a96-c550-75e5-9958-e4cff82cb0e4
A32-2A,02b94a96-da24-a8ee-afe0-9f00f9aca97b
A32-2B,e6b94a96-db72-bf4e-8d51-c6fefbe6060c
A32-2C,28b94a96-dca9-15ae-4f9e-ddd672978f46
A32-2D,acb94a96-ddf7-2eb4-5f87-ca2e6b2a3242
A32-2E,1ab94a96-df58-01e0-e4d1-f4e3fbd9b9f3
A32-2G,9ab94a96-e08a-2aa6-5c47-5e7892c892d2
A32-2H,b0b94a96-e1a6-9010-1915-912ade26e045
A32-2J,b8b94a96-c59d-0e0b-6e01-80d59c291138
A32-3A,a4b94a96-da73-4d37-8235-0b459df0cb4e
A32-3B,b6b94a96-dbca-810a-e94d-da25b95791b4
A32-3C,deb94a96-dcfc-6617-2698-af76367f229f
A32-3D,04b94a96-de53-ad15-e85e-769362fd6371
A32-3E,68b94a96-dfac-4a7a-4302-8a29978c4e40
A32-3G,18b94a96-e0d4-988c-81ff-e8a666e7d161
A32-3H,76b94a96-e1e2-f0db-7df2-0d55617eeac1
A32-3J,beb94a96-c5e5-5ea4-b583-beead473ea32
A32-4A,fab94a96-dab7-5e43-c3fc-900c27801bcf
A32-4B,6ab94a96-dc1b-b345-ce2d-fe82bf268f68
A32-4C,bcb94a96-dd3e-70b3-d23f-6cd82bf1e61b
A32-4D,feb94a96-deb1-3f72-4a78-c0b5d5b62643
A32-4E,12b94a96-dfef-3c62-f94a-928bb2f99cfe
A32-4G,eeb94a96-e11b-cb45-ebf4-1d1afdbdd5f2
A32-4H,16b94a96-c508-0a34-c9b6-64de5827f962
A32-4J,e6b94a96-c62c-d2bf-b519-a6decee5334c
A33-1A,a0b94a96-d8c4-1101-453c-1a951a2d9eb6
A33-1B,9eb94a96-d7a6-b410-4fbf-0c622c01bd1a
A33-1C,54b94a96-d665-24bd-2c42-431b15ad405c
A33-1D,e2b94a96-d547-5c87-8d7a-2ee1c2cf51be
A33-1E,9ab94a96-d422-e0a5-0bb4-ff6c120f1ff0
A33-1G,5ab94a96-d30e-397b-fe2d-4cd9ce16e579
A33-1H,a4b94a96-d1db-dc29-a08e-21da36e800dd
A33-1J,22b94a96-d0ca-5e63-1058-c7abac042cc9
A33-2A,50b94a96-d906-a58c-0131-975998ff5ca8
A33-2B,5eb94a96-d7e6-6e80-9aeb-671c26b9399e
A33-2C,40b94a96-d6c1-ca98-f92f-0a0459c591a0
A33-2D,24b94a96-d591-fb1a-ffb6-25e963f590b7
A33-2E,54b94a96-d472-84b0-0ad6-94b90d352e72
A33-2G,bcb94a96-d352-da84-0f8d-fd7a4c1ccf30
A33-2H,32b94a96-d222-693a-e278-ca96b55a31d4
A33-2J,38b94a96-d10b-2771-e234-14a9dcffe0ed
A33-3A,fcb94a96-d950-db6e-9ae5-f51c3018b8a1
A33-3B,d8b94a96-d827-5c48-a472-1fbee1b394f4
A33-3C,e4b94a96-d70b-534e-637d-e67514a92a37
A33-3D,5cb94a96-d5db-e347-2b07-07e9655a3d3e
A33-3E,f0b94a96-d4b8-aa57-0d10-a2b972abfe80
A33-3G,9eb94a96-d391-3bf0-1ec7-110022f5ae7e
A33-3H,f6b94a96-d284-bc4c-a9ad-1b68a1e6e547
A33-3J,62b94a96-d14f-aab0-f9e7-ad5ade529b94
A33-4A,0cb94a96-d993-1777-6226-07026783152d
A33-4B,c6b94a96-d887-379b-10ee-5f2dd82aedf5
A33-4C,7eb94a96-d749-f54a-55cc-f6dc14b39da7
A33-4D,58b94a96-d61e-7eeb-e36c-5339909b279d
A33-4E,58b94a96-d4fe-ae17-b811-4a6d0779068b
A33-4G,deb94a96-d3d8-74fe-4fa4-b9d121c86e75
A33-4H,72b94a96-d2ca-7f90-3b4d-5b5a27f68f37
A33-4J,56b94a96-d198-a6b4-b030-7900b2d8b919
A34-1A,64b94a96-c7c6-3b4d-6f9f-da9f09409cbe
A34-1B,bcb94a96-c8d6-0340-a71d-57e4c6d3247e
A34-1C,00b94a96-ca03-8b90-1a08-7787e1d425b9
A34-1D,34b94a96-cb24-f455-b885-b9681f249a17
A34-1E,e2b94a96-cc4e-97f3-f46c-f647c5354cc7
A34-1G,54b94a96-cd5e-309c-663b-0568b15e060c
A34-1H,78b94a96-ce85-7ac0-b533-1c43b2a2bc5a
A34-1J,2ab94a96-cf99-901a-6f40-226dd3d8da1d
A34-2A,02b94a96-c815-80b9-1435-7cc63889cf5b
A34-2B,10b94a96-c917-1d30-3fc5-74c61956007b
A34-2C,36b94a96-ca43-8424-cdd3-5f29954657d4
A34-2D,9cb94a96-cb83-838a-6590-f5678d727009
A34-2E,62b94a96-cc8f-22d4-599c-05c4a18127a4
A34-2G,5ab94a96-cd9f-27e6-bdde-5ac89fe704dc
A34-2H,0cb94a96-ceca-06b0-dc3b-4505e36d02b2
A34-2J,90b94a96-cfe1-9cb6-e382-771651cf16e7
A34-3A,70b94a96-c856-26b9-4982-a7b4c2ff247c
A34-3B,38b94a96-c958-5cba-3db7-875e684e8990
A34-3C,02b94a96-ca94-64b9-8b24-881c81dfec3e
A34-3D,66b94a96-cbc2-1eea-afaf-a5b915d0a688
A34-3E,f6b94a96-ccd1-bca0-646c-6631ff94a2a0
A34-3G,62b94a96-cde6-f644-13de-977306f7601b
A34-3H,e4b94a96-cf12-c399-3e71-6a32fa364d32
A34-3J,deb94a96-d025-0fc8-cd5f-32ac540b138c
A34-4A,14b94a96-c893-2f7a-8862-824bfbd21e96
A34-4B,8cb94a96-c9aa-fcbf-c35a-2a94650a937c
A34-4C,04b94a96-cae2-f7a1-276c-44df921b984a
A34-4D,dcb94a96-cc07-1260-947b-be65d45e1c30
A34-4E,18b94a96-cd13-bbd9-35cf-29a8adfcd7ba
A34-4G,7ab94a96-ce2f-cb0a-fc99-655305e97953
A34-4H,1eb94a96-cf57-f075-2ef7-f908f6be2476
A34-4J,22b94a96-d086-0741-126f-2e6bd7345a67
A35-1A,d2b94a96-c66f-76cb-edb2-411e94de71a7
A35-1B,64b94a96-c547-a704-60a2-6f8c454cf394
A35-1C,92b94a96-e1a7-c906-0a15-70c9aa1adac8
A35-1D,bab94a96-e050-56ae-a1c2-24f6460dafd4
A35-1E,60b94a96-def7-130b-1bad-39208cd3c8e3
A35-1G,56b94a96-ddb7-fc71-22b1-684f6dbb8be1
A35-1H,f0b94a96-dc35-656b-a710-42801aa0538e
A35-1J,dcb94a96-db16-66b6-ea5b-92d8056d0638
A35-2A,56b94a96-c6de-426e-8d2a-44b055e7a632
A35-2B,86b94a96-c592-d08a-8ecb-6539a5018b09
A35-2C,beb94a96-e1e8-5374-b167-a11e584471fd
A35-2D,e4b94a96-e09c-136b-f33c-f27d1e2ee350
A35-2E,38b94a96-df61-9eb4-9ba1-3c69542f19b7
A35-2G,34b94a96-de16-74c4-c499-a7abcd4cf6c7
A35-2H,e2b94a96-dcb1-f6bf-a616-6ee30c8c9cce
A35-2J,2eb94a96-db59-6614-7a2c-0650d2a70187
A35-3A,1eb94a96-c72a-0638-ec4b-fde6d62eb262
A35-3B,92b94a96-c5d9-7332-f206-d816991c5cb7
A35-3C,26b94a96-e22f-6ec2-9949-5da062c74883
A35-3D,4ab94a96-e11c-e765-ff09-a1fcfd4ccd57
A35-3E,56b94a96-dfb9-fd07-6269-628935f39879
A35-3G,ceb94a96-de5f-1d5f-aacb-bc08facd065b
A35-3H,e6b94a96-dd08-93d5-104b-9c3a053fb0ee
A35-3J,70b94a96-dba1-c8d3-9dc3-c976e167a7a8
A35-4A,7eb94a96-c781-0b80-3493-7a0a2685303a
A35-4B,70b94a96-c627-4733-43aa-2222af9bc099
A35-4C,b8b94a96-c508-32a9-0595-ed03bfae0d51
A35-4D,d8b94a96-e168-0c9d-cf7b-397a115d8ce6
A35-4E,64b94a96-e00e-28fe-0be3-eeeda1f70b03
A35-4G,12b94a96-dea5-aa48-314e-d945932e2cdc
A35-4H,4eb94a96-dd51-4665-2caa-2ae1e84f7680
A35-4J,e0b94a96-dbe8-eaba-65e2-52dd2dbcff92
A36-1A,2cb94a96-d1f6-0a90-11c6-4b1129687415
A36-1B,8ab94a96-d316-3538-21be-6a892af1a4cc
A36-1C,54b94a96-d432-aee7-f045-60c60251e9cd
A36-1D,12b94a96-d539-3e9b-6613-310fcb8b31eb
A36-1E,90b94a96-d64e-590c-b4f5-58a5ac1328e3
A36-1G,7cb94a96-d77b-ff05-1704-66959f72a6a3
A36-1H,70b94a96-d89c-2ebe-e07e-bd402ad2bba0
A36-1J,8eb94a96-d9e5-581b-4ec3-27c9f7df86e8
A36-2A,c6b94a96-d23e-9e3d-d5eb-56ce6b6a1123
A36-2B,56b94a96-d35a-29bb-022b-bb7bd007a0b2
A36-2C,a4b94a96-d47a-c88c-c25a-059945b5ffb1
A36-2D,22b94a96-d589-503f-14d2-f7f2a0f9dc6e
A36-2E,e2b94a96-d693-0baf-e289-b539c26c1bba
A36-2G,d0b94a96-d7d0-c744-1b87-73b88d63db49
A36-2H,58b94a96-d8e2-646f-1ec7-8366d0e6ee90
A36-2J,c4b94a96-da2e-5c09-d320-b9b1e66804b4
A36-3A,52b94a96-d285-5d20-c8a4-37e96597b8c6
A36-3B,2eb94a96-d3ab-6c24-d337-80941ea014f5
A36-3C,4eb94a96-d4b7-f3c9-cc91-096e3b513934
A36-3D,eeb94a96-d5cb-3bda-29b0-e7be0e257848
A36-3E,aab94a96-d6ec-b818-c7a3-2108ce83c3ce
A36-3G,12b94a96-d816-c27e-b80a-120844f62476
A36-3H,feb94a96-d925-d61a-e614-84fa4294e629
A36-3J,ccb94a96-da70-8458-fadc-466ab56b0ee3
A36-4A,78b94a96-d2cf-b877-5e8f-6550028edd5f
A36-4B,5ab94a96-d3ee-70a1-99c3-7fb3453cf074
A36-4C,bab94a96-d4fc-cfd8-b908-8c0256cfc109
A36-4D,f8b94a96-d60b-9952-d611-70b63f7cef7d
A36-4E,9eb94a96-d73b-bc47-e630-4234cb2130fb
A36-4G,b0b94a96-d858-37e1-c033-ded964491901
A36-4H,fcb94a96-d97a-979c-e327-5ae1768049c8
A36-4J,ccb94a96-dab7-1d1e-4e22-d296fe3442fc
A37-1A,e2b94a96-d0d3-5581-1450-6009c3d4dfcd
A37-1B,74b94a96-cfb6-e63c-bc0f-0a3517aada39
A37-1C,0eb94a96-ce90-0f6a-628c-5b21dab413a4
A37-1D,0cb94a96-cd7e-6eae-6584-d794318432a5
A37-1E,8ab94a96-cc7a-dc13-483a-98b829148f30
A37-1G,98b94a96-cb4e-efc8-6b09-6809e1fd4d4e
A37-1H,50b94a96-ca2e-49f0-ae04-f2c09a312c42
A37-1J,f2b94a96-c8dc-1bf1-92e1-235b906fa888
A37-2A,9ab94a96-d122-2cb0-e982-0a06bdf67700
A37-2B,e6b94a96-cffa-852b-99fc-41a31c431b87
A37-2C,b2b94a96-ced1-a12e-6b5b-170aa673b6f6
A37-2D,acb94a96-cdbf-1c85-95f3-989e3e1f92bf
A37-2E,a8b94a96-ccbd-70c8-3d3a-90fde8e055de
A37-2G,b6b94a96-cbac-0ef0-161b-2cc5346f6694
A37-2H,c8b94a96-ca75-f9fd-0e36-707232df3448
A37-2J,b0b94a96-c953-a8f9-1b74-eccb2829815a
A37-3A,0cb94a96-d16f-058f-2d6c-93daf262b450
A37-3B,18b94a96-d042-2ca0-6eef-23d29afaa524
A37-3C,c2b94a96-cf11-c380-7063-27a79236fbd3
A37-3D,a4b94a96-ce04-c8b9-3053-4fc9ce510baf
A37-3E,0eb94a96-ccfd-26c5-c501-b4defa3573fa
A37-3G,acb94a96-cbf3-439d-d1c8-68df6c31672f
A37-3H,b8b94a96-cabd-7ddd-894d-f8642bd861f7
A37-3J,2cb94a96-c996-ea0e-7c5f-4fe092ef6bcc
A37-4A,5eb94a96-d1b5-fbee-203a-fafbb4691c5b
A37-4B,32b94a96-d083-f4d7-4342-31451f929a89
A37-4C,b6b94a96-cf59-0266-fec9-d59bd1c91dcc
A37-4D,cab94a96-ce4e-e4fb-e605-e7c0371aedef
A37-4E,78b94a96-cd3f-574e-3c77-d670b95328df
A37-4G,e8b94a96-cc3a-e866-e963-c51d92defd33
A37-4H,72b94a96-cb01-1c52-98f5-6bbc012be1a1
A37-4J,aeb94a96-c9e7-2913-d812-4df47a750b9d
A38-1A,7ab94a96-dc8f-282c-98a5-17af942e5a18
A38-1B,54b94a96-dde9-052b-2e3e-bf1407a440bc
A38-1C,ecb94a96-df31-8bff-e090-b9e4bf9c8e0e
A38-1D,3cb94a96-e065-0b78-272a-f56a88861a02
A38-1E,34b94a96-e17c-4949-1d57-716a81903e91
A38-1G,40b94a96-c554-9d8a-e333-2bed0104932c
A38-1H,f4b94a96-c689-2553-55eb-eece40ac4fc3
A38-1J,7eb94a96-c7ab-3619-7f3e-64c1454ee580
A38-2A,48b94a96-dcdc-6f95-6325-2835740064c4
A38-2B,12b94a96-de40-df9b-d463-3a8224f5d924
A38-2C,c4b94a96-df8a-aa93-f5c2-acac3ba385d8
A38-2D,dab94a96-e0ae-75b8-6e5d-851236851c38
A38-2E,dcb94a96-e1dd-3627-b638-4a96266d05cb
A38-2G,9eb94a96-c594-d47f-0ffc-13519508a0b7
A38-2H,3eb94a96-c6d2-7e4d-9f4b-ed0058c33d1f
A38-2J,2eb94a96-c7f4-ec20-e2e6-b81ddb19f150
A38-3A,78b94a96-dd21-474b-cf69-8b423576f06d
A38-3B,06b94a96-de98-9807-0865-fc01c2f52d66
A38-3C,56b94a96-dfdd-0638-92dc-d0af2e4a23b5
A38-3D,bcb94a96-e0f2-4f27-ca7f-00e07899edfc
A38-3E,eeb94a96-e21e-4db4-90ff-b3d492ae03bc
A38-3G,82b94a96-c5df-7b87-0d31-8dd2937b00de
A38-3H,bcb94a96-c713-6860-69f8-5bfbc3efb79c
A38-3J,46b94a96-c83d-80df-27e1-5d517e8667a1
A38-4A,5ab94a96-dd9e-e068-72f3-794615d9df94
A38-4B,26b94a96-dee3-8ed3-4688-52e6d4f45e7c
A38-4C,80b94a96-e020-ee2c-c199-eb69cd487184
A38-4D,a6b94a96-e135-6cbc-566d-3e1dc9a92ecf
A38-4E,b2b94a96-c512-fe3a-22c7-d60c929a6ba9
A38-4G,54b94a96-c641-c062-7ed6-287ee5c0e3d0
A38-4H,48b94a96-c75a-a6dc-2854-766d8dde8276
A38-4J,aab94a96-c880-a4e3-4219-278db1cba8b4
A39-1A,a4b94a96-db3e-fab3-dd1c-df7671abe646
A39-1B,42b94a96-da24-ff9f-0271-d95ef81a94c7
A39-1C,a6b94a96-d904-9c19-9c51-f8b389bc801f
A39-1D,ceb94a96-d7e5-1f25-446a-3ed5b4f049db
A39-1E,54b94a96-d6c9-8e85-27b0-2fb9f0471106
A39-1G,c4b94a96-d593-cec5-6ccf-ea1f1ff62f29
A39-1H,ceb94a96-d463-41c0-97d2-71b0f31d1c26
A39-1J,3ab94a96-d343-96c0-ba68-58699373dd6b
A39-2A,ceb94a96-dba5-6835-cc14-5f1fc5fe5e8f
A39-2B,1ab94a96-da6b-1894-b107-b01633fabcf0
A39-2C,7cb94a96-d950-d580-b157-be57b0d69d11
A39-2D,18b94a96-d825-f968-5716-a6754ebbb713
A39-2E,7ab94a96-d70d-cfb6-0b21-c9ebe657d4d5
A39-2G,82b94a96-d5d9-bb18-c05c-b273d4388ccb
A39-2H,36b94a96-d4c8-0a7d-8853-e604771dfc60
A39-2J,1ab94a96-d38f-9d0a-ce83-500772f43952
A39-3A,86b94a96-dbff-f635-11d1-1ba3a8667384
A39-3B,3ab94a96-daaa-1504-53ef-b4bfe12c1e3f
A39-3C,28b94a96-d99b-f115-8e0c-69786fd60b23
A39-3D,76b94a96-d86b-10f7-dd0c-0bf783f4c218
A39-3E,b6b94a96-d752-2490-b492-de15620ce488
A39-3G,b4b94a96-d618-fb32-9b9a-67e7d65c77af
A39-3H,90b94a96-d50d-393d-5f20-1286658fd290
A39-3J,60b94a96-d3d7-a192-734a-88134afaf768
A39-4A,00b94a96-dc43-f50c-ef5b-0527e038a8f4
A39-4B,e2b94a96-daf4-d5ad-8785-335751a444ec
A39-4C,48b94a96-d9dd-17ab-7438-6ba48816145f
A39-4D,e2b94a96-d8b2-3282-9b75-8d47465658ce
A39-4E,cab94a96-d795-3e3a-a742-1fa748d96755
A39-4G,2ab94a96-d658-d28f-a3ab-9414f2bae03c
A39-4H,9cb94a96-d553-88dc-9ef9-494e07ea10af
A39-4J,10b94a96-d41d-e4b6-08ff-28b27a2bc880
A40-1A,62b94a96-ca4d-99c9-8675-e1906f04c075
A40-1B,34b94a96-cb60-2bdb-a333-628e1041f788
A40-1C,96b94a96-cc6b-078d-126c-bff4963380ef
A40-1D,98b94a96-cda0-e5eb-71a8-a1d3a95f53ee
A40-1E,b6b94a96-ced9-ba19-9b81-32d8470578f7
A40-1G,6cb94a96-cff0-ded5-93bc-ce6f47f15a9c
A40-1H,5cb94a96-d119-4bd2-9f38-35023a9ceb72
A40-1J,46b94a96-d223-ecfc-10b4-9524dada4c73
A40-2A,b0b94a96-ca91-243c-b664-af2e9315beb0
A40-2B,18b94a96-cba5-d7c1-d145-6cab6ba4b0b7
A40-2C,42b94a96-cccc-77b0-7652-88a700186f78
A40-2D,9eb94a96-cde5-1580-be01-70e0de68c91c
A40-2E,1eb94a96-cf1b-2297-c054-846fdb75cc3d
A40-2G,02b94a96-d046-f4a5-6e16-faec66b27da1
A40-2H,dab94a96-d15a-23de-38e8-ff110835ff62
A40-2J,aab94a96-d264-04d9-aa46-28c9f3d53845
A40-3A,d0b94a96-cad5-50c4-c6e3-53602b81ec9e
A40-3B,beb94a96-cbea-0859-2996-65ba4f67964f
A40-3C,52b94a96-cd15-ee66-20e3-b7c0646cbf61
A40-3D,a6b94a96-ce2e-2fc0-cfc1-21477d3f4577
A40-3E,24b94a96-cf5f-479b-bb88-96a05094a9ca
A40-3G,c0b94a96-d089-e2ba-10a8-79d81166f1e9
A40-3H,a2b94a96-d19d-69a6-8139-8afd673117e6
A40-3J,58b94a96-d2ab-dbab-c8ca-5eeac09903e8
A40-4A,e2b94a96-cb19-228f-25ec-27bba245fe7b
A40-4B,88b94a96-cc29-b325-29bb-74d5657966dc
A40-4C,0ab94a96-cd57-107b-dcfd-bab3a292d0dd
A40-4D,14b94a96-ce78-88e1-b972-4953fc722d76
A40-4E,80b94a96-cfb0-9bab-4a6d-a64dedd6dcad
A40-4G,f4b94a96-d0cb-8882-edd9-d45184a5db4d
A40-4H,3cb94a96-d1dc-07a1-f628-90b5efc1e9b7
A40-4J,a4b94a96-d304-7580-1ed6-7e74b8bc555f
A41-1A,b4b94a96-c92e-9c6c-9f62-5702122c4a86
A41-1B,24b94a96-c7e1-6bda-626e-d3dab285b086
A41-1C,68b94a96-c6a7-1f36-0f1b-8b7c6b996f53
A41-1D,2ab94a96-c570-9c8c-e1c3-26c79ae29f3f
A41-1E,a6b94a96-e14e-feec-adb9-dddad0b68f60
A41-1G,72b94a96-e024-8eea-c0ec-a0b2a49d4bdc
A41-1H,5eb94a96-dedd-6398-41fe-56c31bd4f1b6
A41-1J,9ab94a96-dd4f-4572-e153-4c013a2b09bc
A41-2A,8cb94a96-c97a-8ac8-13fc-cde282e28055
A41-2B,7cb94a96-c845-0a3e-b34f-265223adf377
A41-2C,d4b94a96-c6ed-1a38-a1ef-2265facf2516
A41-2D,f2b94a96-c5c7-0b2c-6266-1980adda7feb
A41-2E,32b94a96-e18c-0f69-9481-1a16a4a27c71
A41-2G,58b94a96-e076-37d1-18c1-aa2275309250
A41-2H,90b94a96-df3a-4b97-31bb-bd5f13ac6155
A41-2J,beb94a96-dd9e-a1c7-363e-e53862bb2ebc
A41-3A,72b94a96-c9b9-d51b-87e2-4442aa1e247e
A41-3B,b2b94a96-c896-e525-3b32-beab0c5bf1a8
A41-3C,70b94a96-c754-a98b-edf9-13a4d3e9bc96
A41-3D,bcb94a96-c60f-612d-22e6-a419b39f125f
A41-3E,58b94a96-e1d1-6ec9-7239-266aab6e9eb7
A41-3G,fab94a96-e0c9-c9c4-3694-c8b5cf01f6a8
A41-3H,70b94a96-df88-e4f4-4080-3cd936b401d6
A41-3J,2cb94a96-ddf2-63e7-9fe2-6a5e5558a607
A41-4A,e6b94a96-ca01-d9c7-7678-91ec07da284c
A41-4B,88b94a96-c8d9-6ab8-9d37-8282014fafaf
A41-4C,7eb94a96-c7a1-ed10-81ed-a580df0cf8af
A41-4D,80b94a96-c661-2abf-d87c-d2e11461cb13
A41-4E,5eb94a96-c50e-94e0-de0e-77315787371b
A41-4G,8cb94a96-e10c-ba03-0d14-2f19b92ddf80
A41-4H,8eb94a96-dfd8-6826-e951-60bff5852b2e
A41-4J,feb94a96-de8e-2eb4-ddcd-a2b8cd278ce2
A42-1A,0ab94a96-d458-8609-36ce-d84c261d56ca
A42-1B,18b94a96-d574-d74c-6f4f-ed3195361a30
A42-1C,e8b94a96-d67e-00c0-71b4-9a9544349c9a
A42-1D,f6b94a96-d798-f0e2-6f5d-e46a5fe1a41e
A42-1E,68b94a96-d89b-a2d1-3b34-a47087b69fb9
A42-1G,86b94a96-d9b2-335e-b486-30123a53c1ca
A42-1H,46b94a96-dae5-43b3-d8f2-1f1be1bc89dc
A42-1J,10b94a96-dc32-db26-49b7-f93fc371fad9
A42-2A,68b94a96-d49f-88a6-144b-272b986f930a
A42-2B,04b94a96-d5b3-de98-de00-3b56e1b9da8d
A42-2C,72b94a96-d6bf-184b-4474-cc2f3c4a4b84
A42-2D,96b94a96-d7d8-f67f-1f3e-01daea503e13
A42-2E,eab94a96-d8e2-c1b3-810f-ccda679cb300
A42-2G,0eb94a96-da0e-7065-b93a-327546ae27a5
A42-2H,bab94a96-db4c-fd8d-60a8-89d84128d76e
A42-2J,ccb94a96-dc7f-7de5-be55-084b42fe7acc
A42-3A,d2b94a96-d4de-ed7a-27b3-7b738d03a16a
A42-3B,a0b94a96-d5f6-37dd-9064-7012842c97dd
A42-3C,98b94a96-d70c-f3ba-f3a5-5d7d3cd0f0d1
A42-3D,90b94a96-d819-51ec-47ee-8e640cc1671e
A42-3E,7eb94a96-d925-1c8f-8513-ebbdb2ec46aa
A42-3G,98b94a96-da52-e7bf-2cb4-223fdc7a4dd6
A42-3H,06b94a96-db94-326a-cb48-350da6604727
A42-3J,beb94a96-dcc5-cca2-00ab-43ee77db55f5
A42-4A,d0b94a96-d52c-8e95-05b6-22efaffef536
A42-4B,f6b94a96-d637-975d-243f-40fd1e60a563
A42-4C,c8b94a96-d750-d58e-e2ce-94b6c97ce36b
A42-4D,0cb94a96-d85b-643e-3ce5-8db712b0d8c1
A42-4E,e4b94a96-d96b-38a8-60dd-d1bc2476a90c
A42-4G,34b94a96-da97-2cb9-6003-1f849d0306c0
A42-4H,f6b94a96-dbe5-d687-45df-a8f62a494901
A42-4J,58b94a96-dd0b-2f85-5ba6-ed3c9c42e8c8
A43-1A,12b94a96-d32b-fff3-d734-bb040fc0cc0d
A43-1B,30b94a96-d21c-2777-a7f2-99734f440303
A43-1C,4eb94a96-d0f4-62c1-9785-186c5c7f53ab
A43-1D,bcb94a96-cfd7-7a53-997d-a82bf6e70572
A43-1E,bcb94a96-ce8d-9767-42fb-a1c84903e8c0
A43-1G,a0b94a96-cd6b-5a7a-415e-d271b1227478
A43-1H,0cb94a96-cc5a-0e1b-c541-fec69f5d7764
A43-1J,94b94a96-cb42-55f2-a665-48f5328a8bc8
A43-2A,5ab94a96-d36c-bec9-0e2e-913ee7f52d2c
A43-2B,82b94a96-d25c-dd8b-59aa-af04b655ea2e
A43-2C,8cb94a96-d13a-7f25-2e09-d4ee7fbac22f
A43-2D,98b94a96-d01d-9d53-362b-7d266e6b25e5
A43-2E,9cb94a96-cee4-66f2-56db-bf1d4b688c61
A43-2G,56b94a96-cdac-7872-7677-428c0fc26bd6
A43-2H,44b94a96-cc9e-0697-a031-bb238907d21c
A43-2J,90b94a96-cb8e-482b-7a83-5e09616b2f7a
A43-3A,7eb94a96-d3bd-9693-b5a3-c0da12df10a8
A43-3B,6cb94a96-d2a8-e7c1-e267-9edf1966b971
A43-3C,a2b94a96-d192-149f-95f2-b95d8213e02b
A43-3D,4cb94a96-d061-5b1d-78f7-0f1d3b6f6a27
A43-3E,80b94a96-cf38-aa68-7e8f-26bb564eb075
A43-3G,f6b94a96-cdfd-bcef-a980-80c12982ed50
A43-3H,60b94a96-cce6-981e-66ce-95105030cde3
A43-3J,a8b94a96-cbd3-00dd-e62a-1877b73e8561
A43-4A,7cb94a96-d415-f80d-073d-905aa5c7625e
A43-4B,64b94a96-d2e6-a906-c8fb-cbd1a585996c
A43-4C,14b94a96-d1dc-11a3-da6d-71d9f277ec21
A43-4D,24b94a96-d0af-6fad-b9e2-40b542b30876
A43-4E,3cb94a96-cf7e-9769-1dec-5e036ed3d250
A43-4G,6cb94a96-ce41-d45f-4dd8-9efb8fd6cf85
A43-4H,18b94a96-cd28-3af6-3bc1-4a4467dd01a6
A43-4J,70b94a96-cc15-0f80-ef3b-0767e17a4a64
A44-1A,deb94a96-dfd3-a2f2-d4ac-ca8bb39245c8
A44-1B,f0b94a96-e0f8-16ef-70ce-9b5a74101e65
A44-1C,c6b94a96-e212-bdf5-0b02-35ae768dad09
A44-1D,74b94a96-c55a-cb51-c766-390456c5e570
A44-1E,50b94a96-c679-25fa-58cb-38bf5e07ddcc
A44-1G,7ab94a96-c7bd-11f5-6bae-d39785d1edf9
A44-1H,a6b94a96-c8c5-5845-676d-d9b17fbad280
A44-1J,7ab94a96-ca0d-c25f-d21f-a97d56ebf9da
A44-2A,b8b94a96-e01b-32f7-d90f-ad7f4b1d8099
A44-2B,d8b94a96-e13c-2720-f103-35ee8fae52c3
A44-2C,34b94a96-e251-978d-e6d7-20f83a4944cf
A44-2D,dab94a96-c59e-e876-ce1e-1327d4f58675
A44-2E,02b94a96-c6df-59ab-0f07-d6ea719cc25f
A44-2G,f8b94a96-c801-d612-7f9a-8e0a61a1388d
A44-2H,64b94a96-c922-143e-54ef-b0ec2ec84c11
A44-2J,7eb94a96-ca4e-aa18-b582-07b4ce5c535a
A44-3A,9cb94a96-e061-85df-0b23-80b8e0709f57
A44-3B,e0b94a96-e181-7165-5cba-31615c95a66a
A44-3C,2cb94a96-e2ae-f9a9-bd89-8cc37f225e4a
A44-3D,ecb94a96-c5e3-9a0a-720f-47896d3b9aa7
A44-3E,bcb94a96-c72e-88fd-f344-8d131da5188c
A44-3G,38b94a96-c840-798a-e058-ed12c43240d6
A44-3H,5cb94a96-c964-cdfe-e4d0-593cadb254e5
A44-3J,46b94a96-ca8e-4912-06dd-21a9848ad017
A44-4A,0cb94a96-e0a5-88da-8662-b7f20835e988
A44-4B,68b94a96-e1c5-b3a7-3b0b-c845795b6280
A44-4C,28b94a96-c50c-34e7-5d8c-3657e86d722e
A44-4D,8eb94a96-c631-f407-93a0-bff879040bf5
A44-4E,0cb94a96-c772-a2da-fea5-deb41d84ecad
A44-4G,4ab94a96-c882-d418-ca29-55cb30bb25f9
A44-4H,dab94a96-c9b2-1521-a199-621dc9699147
A44-4J,b0b94a96-cad1-e6e1-b00a-9790207aa46a
A45-1A,aeb94a96-de8e-4409-2cb7-4ce5912b00c7
A45-1B,6ab94a96-dd0a-ba54-edf5-6aa2d077c3ca
A45-1C,82b94a96-db95-6583-5454-807a16efbe68
A45-1D,1ab94a96-da6a-33cb-b0d6-e750e160a126
A45-1E,82b94a96-d936-9061-7af0-8c5c884804fd
A45-1G,4eb94a96-d820-5b64-70d1-a08d78091ea3
A45-1H,28b94a96-d6ea-5868-7f7b-34551a6d1c12
A45-1J,d8b94a96-d5bf-ef25-57b9-50479d842983
A45-2A,38b94a96-dee4-4bb5-592a-81a3a5e80e7f
A45-2B,60b94a96-dd58-1ebb-2e7f-ca3c3ad8126e
A45-2C,9cb94a96-dbe3-a775-0d78-d5a86b405baf
A45-2D,58b94a96-dab3-db0c-5024-653b645d7206
A45-2E,80b94a96-d976-c4ec-43c0-cf2c3ce26965
A45-2G,c6b94a96-d861-fa92-8b43-24c7d5f72f3b
A45-2H,d0b94a96-d738-5f4d-eaa0-cf06bd11aea2
A45-2J,78b94a96-d612-6a75-8a10-0520883e0e43
A45-3A,b8b94a96-df3b-56da-e1da-31fd6b97f26e
A45-3B,f6b94a96-ddbb-3660-acd8-6c1750d5c69a
A45-3C,6cb94a96-dc25-1b7b-25df-4a96c2cbff45
A45-3D,c4b94a96-db00-10f3-51ec-11869e3092ba
A45-3E,ceb94a96-d9bf-0f26-e898-553822cbcddd
A45-3G,e0b94a96-d8a3-5fa1-1a8f-577be9913dfa
A45-3H,3cb94a96-d781-41e9-54fe-c5b5284551ec
A45-3J,b2b94a96-d65a-333b-074b-f4b22ea48ae4
A45-4A,fcb94a96-df89-0f31-7224-2f68db89ca6e
A45-4B,40b94a96-de04-c459-1f3f-4d3904255641
A45-4C,beb94a96-dca5-990a-d497-72a77d76194a
A45-4D,60b94a96-db45-f1b3-9c8b-e19327e459d9
A45-4E,54b94a96-da08-738b-917e-a25dc4664fc9
A45-4G,b0b94a96-d8f4-c399-f25f-035037620b3f
A45-4H,3ab94a96-d7dc-4994-5c5c-d7c95b27e1ab
A45-4J,10b94a96-d69c-8751-49ae-6554474aea91
A46-1A,88b94a96-cc8a-2dd7-30ef-ec9e47f0b446
A46-1B,2eb94a96-cdc0-02f2-34f0-72eba13f12aa
A46-1C,a8b94a96-cede-5856-f4c4-860b9de64929
A46-1D,1ab94a96-d024-904b-1537-a52201578074
A46-1E,40b94a96-d156-6446-00f4-09456448b77f
A46-1G,b4b94a96-d278-4b30-6ef9-3448ae20e389
A46-1H,4cb94a96-d395-1f22-7296-ca575c965370
A46-1J,ceb94a96-d4b9-431c-0e9e-bc84ee503d78
A46-2A,1eb94a96-ccd4-6d6a-16e0-c29da31a1870
A46-2B,a4b94a96-ce01-c955-f910-bd782e338ba6
A46-2C,aab94a96-cf34-a29b-64f2-b6a497ae68d7
A46-2D,a8b94a96-d066-ef29-33fd-0b2690b4ce4f
A46-2E,ecb94a96-d1a2-2aea-3057-6d7e23728b8d
A46-2G,72b94a96-d2bc-a27a-06a0-d791cab73c35
A46-2H,c6b94a96-d3dc-0ada-d221-c0e9f5cf591b
A46-2J,ceb94a96-d4f4-90bc-f412-9964b619d630
A46-3A,9eb94a96-cd16-c8de-c8e8-7bcd168a34d6
A46-3B,44b94a96-ce47-7c65-a675-7c74cd27fbc6
A46-3C,a8b94a96-cf79-6db6-c944-21b6967ab5b2
A46-3D,dab94a96-d0bf-0c6f-1e4b-8cb698c8d829
A46-3E,a0b94a96-d1ed-443b-1a1c-bddafcc66b0f
A46-3G,72b94a96-d302-4278-e4a2-daa7cf32d946
A46-3H,94b94a96-d42a-c781-12f5-b097747a0885
A46-3J,42b94a96-d536-0974-d9b4-06735e7daf45
A46-4A,6cb94a96-cd71-dc53-52ce-29a4022dbe34
A46-4B,d6b94a96-ce89-df0e-f69e-ad8a32306440
A46-4C,6ab94a96-cfd0-a6d9-61f4-e720d9602694
A46-4D,c4b94a96-d108-b1d2-63ac-c392ed15f053
A46-4E,f0b94a96-d231-b485-efdc-faed18eb2bc4
A46-4G,86b94a96-d350-5ee1-a5b3-7461eddb49f9
A46-4H,d4b94a96-d46a-a4e5-1008-1a37cb37a5dd
A46-4J,5ab94a96-d577-1e73-9eac-ee115c16f9a3
A47-1A,0ab94a96-cb69-b05f-dbbc-722543d48e8f
A47-1B,e8b94a96-ca25-1131-2aec-4a6b3b400259
A47-1C,0eb94a96-c8f1-c3fd-5e33-6c36896b7914
A47-1D,1cb94a96-c7d1-edaa-a4c4-a147ee7da222
A47-1E,14b94a96-c6ba-8484-923a-b1c4ca780967
A47-1G,5cb94a96-c552-481e-4465-e3e0aca24583
A47-1H,84b94a96-a4c2-ad63-27e1-fdbbb93ef854
A47-1J,5cb94a96-a3b4-e02d-20ad-42a31abefe0b
A47-2A,d2b94a96-cbb4-436d-aec2-b656df21f238
A47-2B,a4b94a96-ca6c-0121-24c1-f933e117d19a
A47-2C,16b94a96-c937-9453-c1dc-2ea4d5be26b9
A47-2D,2eb94a96-c82c-241a-a17c-59f075a82590
A47-2E,1ab94a96-c700-902d-a9e8-8ca2d32784d8
A47-2G,e8b94a96-c5a1-696d-85ec-a9b7a852150c
A47-2H,22b94a96-a52b-3241-14bf-b47fb7c06b7d
A47-2J,d4b94a96-a3f7-006a-9a30-8276d3d7951b
A47-3A,24b94a96-cbfc-6148-4e40-040b84b83b86
A47-3B,02b94a96-cab8-f4ed-93f7-aee400720849
A47-3C,42b94a96-c980-bc49-7825-4947d168058f
A47-3D,e2b94a96-c86d-43d6-da85-b993ad4d8b71
A47-3E,78b94a96-c746-83b7-0a8f-d96fc2d4eec4
A47-3G,4eb94a96-c5f1-7477-ae7f-bb2c2636ed7b
A47-3H,aeb94a96-a57b-5dd9-4a49-4eeb747aefa3
A47-3J,98b94a96-a43b-ecf3-e643-dd703b13d3cf
A47-4A,68b94a96-cc3e-0bab-9a4e-f9889b5c220e
A47-4B,92b94a96-cb0b-d9a1-5eaf-96b4e57a4565
A47-4C,3ab94a96-c9e0-2d08-bc28-d4245ab73689
A47-4D,36b94a96-c8af-dc92-a34b-282ad1c4c61f
A47-4E,7ab94a96-c790-6806-5ac7-b4cc07d98d85
A47-4G,6ab94a96-c64b-410a-1a72-88a4c55f53bb
A47-4H,f8b94a96-c507-ed9d-86cc-acf5d355e402
A47-4J,3cb94a96-a47f-3f60-62db-fd0291af2d48
A48-1A,ccb94a96-9a6f-c8a4-ec8c-ea9235578d30
A48-1B,20b94a96-9b9f-595c-4805-bc8641c450e5
A48-1C,8ab94a96-9cd0-08bc-ef96-edb632a5ce9d
A48-1D,12b94a96-9dfa-a1bd-bdf7-06e323fb41e2
A48-1E,06b94a96-9f23-7efd-3c4e-3201a50dbd90
A48-1G,0eb94a96-a042-6ab7-dd98-1d1e6bc4c25d
A48-1H,5cb94a96-a16e-08a4-5e83-9f8fc01d800e
A48-1J,f2b94a96-a294-05c9-1210-e084b781ff08
A48-2A,6cb94a96-9abe-fa5f-42cb-7baf4f324ec8
A48-2B,72b94a96-9be9-7090-0273-6bf9c626e0f8
A48-2C,48b94a96-9d19-7e4e-eb89-ae32108bf7cf
A48-2D,4eb94a96-9e3c-7afc-8ffc-0286ba6eaa6e
A48-2E,0eb94a96-9f67-4e5f-8adf-383ae2327d56
A48-2G,d0b94a96-a089-ba40-a8b3-c3fe7aa8e851
A48-2H,16b94a96-a1b2-46c2-4d2d-109e3d30ce62
A48-2J,d4b94a96-a2d6-6d42-0d6a-e4742154e9ff
A48-3A,80b94a96-9b15-72d3-9e2c-e28473e6a3ea
A48-3B,acb94a96-9c38-90e4-b663-5270f65a2a9e
A48-3C,e4b94a96-9d6c-bb11-c895-4dc6e20f2ff9
A48-3D,b0b94a96-9e7d-0d31-8288-5cbd9b75d451
A48-3E,56b94a96-9fb8-03ac-702e-fae5928374df
A48-3G,d2b94a96-a0d4-fc23-8d6b-9f4e8ed4f125
A48-3H,ecb94a96-a1f3-c48c-4fd7-7bb313936d4f
A48-3J,4eb94a96-a316-2dbf-65be-917f91f177bb
A48-4A,6cb94a96-9b59-65fc-81f4-98943326cfb1
A48-4B,0ab94a96-9c87-0261-664c-15686fc7853f
A48-4C,ccb94a96-9db9-6728-651d-f5a0929b64a3
A48-4D,3eb94a96-9ed1-73f0-4829-ad8afcab84c2
A48-4E,12b94a96-9ffe-2b6c-d6fc-182fa6c3b032
A48-4G,b2b94a96-a123-2675-34f8-6972ed601a10
A48-4H,d8b94a96-a23e-464a-5c16-833000241de0
A48-4J,9cb94a96-a358-0584-f6e4-0cb928c605de
A49-1A,60b94a96-995a-cd4f-afb2-f7d96fd2e5b4
A49-1B,c6b94a96-9821-c91d-cbad-d5b39820b5ca
A49-1C,2cb94a96-96f7-08d4-3189-69ad114af8e1
A49-1D,22b94a96-95d4-dfa4-9bef-0d8043fa6900
A49-1E,a2b94a96-94b6-1ca4-7395-64cda72ee657
A49-1G,14b94a96-9395-976a-762c-3d6605367518
A49-1H,c6b94a96-926a-c25f-faef-7d64661b8a48
A49-1J,6cb94a96-913b-a77f-e23e-69d8e4917485
A49-2A,2ab94a96-99a0-8644-55b2-49bb2657df70
A49-2B,bab94a96-9877-8c9b-e01d-c51452199f8b
A49-2C,a8b94a96-974a-e9e5-17c8-78b6bfef1ce3
A49-2D,64b94a96-9617-fa06-6a5b-865336103c40
A49-2E,7cb94a96-94fe-0e92-29dd-a9917ae79ab9
A49-2G,1eb94a96-93db-e003-bf22-2bd5cd7aff09
A49-2H,eeb94a96-92b8-ccce-af5d-8c4e8e704b6a
A49-2J,58b94a96-917f-3d01-e630-e018a52eff00
A49-3A,2cb94a96-99e3-d979-b66e-c7b3b950edc4
A49-3B,a6b94a96-98c5-90af-e1e1-1bb3824bf1b5
A49-3C,acb94a96-9790-efeb-7cf3-a0c683dd9267
A49-3D,06b94a96-966c-f414-5ade-a81e2fa2fa4d
A49-3E,32b94a96-9544-2456-f6a4-a25ab54e231d
A49-3G,84b94a96-9424-7955-8cd4-dfd1efba673f
A49-3H,e2b94a96-9302-9d04-e97b-291ba7b4e4ca
A49-3J,36b94a96-91de-ed82-3651-1d4455dfde01
A49-4A,32b94a96-9a2b-5e35-9034-c50c73d83a67
A49-4B,1eb94a96-9913-6d15-d427-b11b774e75e1
A49-4C,cab94a96-97dc-579b-2961-a52665d9b189
A49-4D,d4b94a96-96b5-7ff9-87a4-40a753779700
A49-4E,22b94a96-958d-6122-d041-ad97867398cd
A49-4G,ecb94a96-946e-c52c-cf0a-5161f024b335
A49-4H,58b94a96-9343-1c10-e45d-8a611597d4f9
A49-4J,f2b94a96-9225-ca6d-9715-a187956406bf
A50-1A,f0b94a96-a442-e711-ecf4-7fee4ed7714a
A50-1B,f8b94a96-887e-ba82-90a2-b55fc3883bec
A50-1C,1ab94a96-89d8-d9b6-5689-07f815afa8eb
A50-1D,68b94a96-8b07-cbf3-7c98-aceb329da0fe
A50-1E,7cb94a96-8c5a-74b4-7b7b-695cc122d924
A50-1G,5ab94a96-8da8-51f0-f4d1-6067e5806584
A50-1H,76b94a96-8ee2-607f-fa4a-0c770ad566d2
A50-1J,c8b94a96-9006-e772-62eb-60d280c380d7
A50-2A,84b94a96-a482-3958-a976-4ae02f908672
A50-2B,2cb94a96-88d2-13f5-95be-e7670553d78a
A50-2C,14b94a96-8a21-a3c0-87f9-b1e05e233460
A50-2D,1cb94a96-8b54-fc6a-133e-d3b5c3e36eb8
A50-2E,30b94a96-8ca9-3765-71e1-0907dc5d3573
A50-2G,d6b94a96-8de8-c1ea-d601-1ad878c1832b
A50-2H,c2b94a96-8f2b-c3a5-5899-e9012d202262
A50-2J,ceb94a96-904a-71e8-967d-2207bcaaaebb
A50-3A,d6b94a96-a4c6-1eb8-c847-69287549de57
A50-3B,10b94a96-8918-ed90-ecd5-ebdfc4feac00
A50-3C,d8b94a96-8a73-ba6d-06be-d3b00db471b4
A50-3D,0eb94a96-8bc9-2304-9833-9ee78789b606
A50-3E,f0b94a96-8d0b-088a-a641-cf47205232b7
A50-3G,fcb94a96-8e3b-f7b2-b750-0e7248e3152e
A50-3H,22b94a96-8f73-62a5-6344-7c09c76ec8c4
A50-3J,a8b94a96-9092-f46a-2200-857261678678
A50-4A,a8b94a96-a50b-ab9d-afc8-25a6a9cb35d7
A50-4B,46b94a96-8984-0f2c-db8a-76298a8f592d
A50-4C,78b94a96-8ac0-26f7-ac05-0fa3bcc783f1
A50-4D,0cb94a96-8c14-7478-9049-7bcd8706fe5e
A50-4E,66b94a96-8d55-0e9c-fc58-59d704ab8f32
A50-4G,1ab94a96-8e9f-f8c4-d6f3-dc34c2fe90f7
A50-4H,f8b94a96-8fc0-d67c-daae-70f27a6660a0
A50-4J,64b94a96-90f1-ccdf-3857-0980a9eea4d6
A51-1A,deb94a96-a325-bd47-a7b2-b093b3169012
A51-1B,8eb94a96-a1ff-9132-f561-f744709f699f
A51-1C,d8b94a96-a0ec-799e-8475-c3479b1df5f0
A51-1D,86b94a96-9fce-edb3-6c5e-a66f9a794d96
A51-1E,a6b94a96-9ea1-0732-d1b5-78895ccf1c70
A51-1G,4eb94a96-9d7b-8650-d29d-11c1f005815d
A51-1H,7ab94a96-9c5f-17bf-7be8-665fa286da52
A51-1J,dab94a96-9b43-277e-e5fb-166ed2664345
A51-2A,e4b94a96-a36b-b2cc-f6ac-97c411e76d4c
A51-2B,86b94a96-a242-2f8a-38f8-092481a384b1
A51-2C,5ab94a96-a135-1264-3830-022d81fd445a
A51-2D,8ab94a96-a014-a39b-965a-884edf17f935
A51-2E,6cb94a96-9ee9-3e34-9c51-7accdf37a97e
A51-2G,eeb94a96-9dbc-699d-fd24-2aa1ea73c6a4
A51-2H,d2b94a96-9ca5-d466-569c-6975adbeeba2
A51-2J,acb94a96-9b8f-fcaa-e59f-ac7ecbd5a4bc
A51-3A,a2b94a96-a3b4-91d3-77bd-74e124ff52e0
A51-3B,64b94a96-a281-3bae-8d1f-879156ccfa8a
A51-3C,aab94a96-a176-e6b7-d883-fcd8615a3275
A51-3D,c4b94a96-a059-0ebf-2dc4-f7645ad57586
A51-3E,5cb94a96-9f3b-cbce-df95-d82ec7adc4ad
A51-3G,1eb94a96-9dff-9ae4-84ec-d2078bdaf497
A51-3H,44b94a96-9ce9-04c9-7068-c0c318215294
A51-3J,d4b94a96-9bd4-d038-6c98-810aad30d51f
A51-4A,deb94a96-a3f9-e9d5-1690-16e91c3e217f
A51-4B,e8b94a96-a2df-9cbe-2639-a253b6a60394
A51-4C,f8b94a96-a1bc-5596-ec8a-c99034363c99
A51-4D,beb94a96-a09d-d027-c375-5b7f92e7b057
A51-4E,08b94a96-9f89-22e2-efc1-2ceb58b283f4
A51-4G,80b94a96-9e4a-15ef-fc35-9d1d1659ebc8
A51-4H,7cb94a96-9d2f-9dd9-1d17-f88d911f5af8
A51-4J,86b94a96-9c1b-148c-2153-609469c29ec0
A52-1A,2eb94a96-91ee-e867-e1f6-d7b216820d8e
A52-1B,7eb94a96-930b-2d30-5f2c-42493b49c2d6
A52-1C,6ab94a96-9427-b225-bf57-a2e110281f83
A52-1D,bcb94a96-9571-03ad-70cd-bd6e414f0b4e
A52-1E,aeb94a96-96a3-ee69-5f10-fd526cb40102
A52-1G,30b94a96-97c6-2069-9df7-85ce4e9cb156
A52-1H,08b94a96-98ea-45bf-13cd-b4a31443a383
A52-1J,68b94a96-9a0b-6f1e-27b9-936b768f5eb5
A52-2A,a8b94a96-923d-96fb-e1dd-2e514901a010
A52-2B,6ab94a96-934c-3f3c-4349-df3d1b19d32b
A52-2C,02b94a96-9490-c3ef-b3a0-cdeeede856ce
A52-2D,16b94a96-95c8-6404-8944-25763424b190
A52-2E,7cb94a96-96e8-2d52-dafb-277bc4ab9b24
A52-2G,fab94a96-981a-d710-283f-42aff69dfffd
A52-2H,9eb94a96-992f-91c6-af20-77a10c8e7f87
A52-2J,eab94a96-9a57-8fa7-510d-d8a45d1b0377
A52-3A,e2b94a96-9280-cfa8-cf76-eab864f41b11
A52-3B,f4b94a96-939a-04ab-99be-0de0a2d242bb
A52-3C,8cb94a96-94d5-c153-f986-a6d6da705a0e
A52-3D,82b94a96-9610-4eeb-aff8-fe6621945186
A52-3E,1cb94a96-9733-088a-a077-efa7603148aa
A52-3G,f4b94a96-9860-c28f-8466-ea7acc92ded0
A52-3H,1cb94a96-997e-b726-321c-03e3ec23de74
A52-3J,4eb94a96-9a9e-c983-3422-72a38a79759b
A52-4A,86b94a96-92c8-b1ae-76c6-175045e5ee51
A52-4B,12b94a96-93e1-c606-186f-052d4c2b6bd7
A52-4C,e8b94a96-952d-41e5-4c10-8ee326d376a9
A52-4D,4cb94a96-9653-201a-bc39-167236e29799
A52-4E,14b94a96-977a-f60e-40d9-8bb61664b2b8
A52-4G,d4b94a96-98a2-7987-d6b7-369c690af2d8
A52-4H,3eb94a96-99c7-2f1c-6dbb-9ee7ec87fee8
A52-4J,02b94a96-9afe-37df-a266-01744e218f39
A53-1A,d2c8654d-ba4f-5639-adb1-b18c76d9cf9e
A53-1B,04c8654d-bbac-4875-66fb-916615469cb7
A53-1C,7ec8654d-bb69-55f2-47c4-531e62b97f07
A53-1D,2ec8654d-bb11-6123-2201-50c2dea20bf1
A53-1E,0ec8654d-baae-8a21-d495-2c10527ac813
A53-1G,fec8654d-ba81-586f-1dfb-60804303665a
A53-1H,b2c8654d-bba1-07e9-8eec-b8632b1b97f9
A53-1J,d2c8654d-bb6a-e1aa-6c4f-0c2dabef0015
A53-2A,0ac8654d-baaa-39f5-442d-482613e12553
A53-2B,acc8654d-ba80-6df6-c88a-3487a4657c11
A53-2C,18c8654d-bbaf-7063-261f-6d6d1b2934b6
A53-2D,b0c8654d-bb69-7a6c-e66e-9022e67282a1
A53-2E,8cc8654d-baf6-e8dd-fbee-eb5f924672cb
A53-2G,0ac8654d-bac7-557d-9c00-3b0487f090e2
A53-2H,d8c8654d-bb1c-9969-2b3f-46a48cbab858
A53-2J,80c8654d-bbb2-d819-429c-b550baaa9329
A53-3A,2cc8654d-bafb-9960-a2cf-71b1e6d057b2
A53-3B,9cc8654d-bace-1387-299c-b55e8577bca0
A53-3C,f2c8654d-ba71-c501-19b3-cbac4a581e7e
A53-3D,f2c8654d-bbaf-fce5-279f-de829fb22eb4
A53-3E,88c8654d-bb3b-dda8-e52b-c5377f730849
A53-3G,46c8654d-bb0f-204c-191f-5abce0e4d310
A53-3H,aec8654d-bae2-2287-141d-41e2351054df
A53-3J,b2c8654d-ba74-b5a7-bf25-4985dbdcfd6b
A53-4A,e2c8654d-bb56-6aed-98fe-0f12769ba0de
A53-4B,d4c8654d-bb22-c9e9-4ced-e12440d1a44a
A53-4C,aac8654d-baba-b34c-654a-268bca70647f
A53-4D,14c8654d-ba4c-bc8c-482c-b12ea9413708
A53-4E,06c8654d-bb80-b3cd-7c19-10ca5aa64c07
A53-4G,10c8654d-bb56-9b9a-6390-46599bdf7145
A53-4H,d0c8654d-bb25-990d-9a7a-7b5a9b6c212b
A53-4J,36c8654d-baba-f2f0-e363-0fd3e21709af
A54-1A,8cc8654d-bb00-80ba-1fd9-7d1988e8ca3e
A54-1B,b0c8654d-bac5-e4f5-d54e-bdd2bf587afe
A54-1C,2cc8654d-ba5c-7b8f-4c8d-db16ebb21958
A54-1D,6ac8654d-bba8-d17d-676e-7f65896fab98
A54-1E,cec8654d-bb93-c8cd-8c52-e9c8294980e3
A54-1G,58c8654d-baea-cef6-b681-c428fd618d1a
A54-1H,50c8654d-bacf-ca20-7a0e-98a1643afab8
A54-1J,74c8654d-ba7d-3079-7e20-d99142b54025
A54-2A,22c8654d-bb4d-a4be-1933-fb6fa54126f9
A54-2B,d8c8654d-bb1e-2351-12a8-f45ef7ede8ac
A54-2C,d6c8654d-bab0-5c16-5aa2-5335eb0d2d40
A54-2D,68c8654d-ba84-6f40-6627-0769f6ff045b
A54-2E,e6c8654d-bbdc-7813-e87d-b989f3e1af0a
A54-2G,72c8654d-bb43-a9d0-1345-ab5bb98a0d37
A54-2H,d8c8654d-bb1c-9969-2b3f-46a48cbab858
A54-2J,c8c8654d-bacb-e1e0-e955-15142adc24a9
A54-3A,eac8654d-bb96-a5da-3cba-dbff2e837b8a
A54-3B,b2c8654d-bb6a-0602-d4e2-2b51341bc05f
A54-3C,a6c8654d-bb00-f090-1bbf-9142f795194c
A54-3D,4ec8654d-bafd-09c3-161d-0b509ec33046
A54-3E,c4c8654d-ba49-9b7b-5781-e02ca243b896
A54-3G,9cc8654d-bb8c-b1d0-5487-97fa1c7595c0
A54-3H,9cc8654d-bb70-4e1b-b055-8ec5f6a10141
A54-3J,1cc8654d-bb1e-262e-00ca-4b416c4a86d0
A54-4A,b6c8654d-ba6b-6d6f-b5ce-40017753f9b5
A54-4B,fec8654d-c5ed-cfe5-82be-2f84e66cb519
A54-4C,3ec8654d-bb48-693d-7a0e-66fea67b5d3b
A54-4D,5ac8654d-bb41-3310-f912-ed753b09a65f
A54-4E,84c8654d-baa4-cb8f-1d2c-81e03b6be5a8
A54-4G,58c8654d-ba7a-1c3f-941c-cd79d820e60d
A54-4H,84c8654d-bbb0-8a7f-9bf0-5304a68cdb45
A54-4J,80c8654d-bb63-648e-4fe6-f6a6adde48c8
